axis,level,n,win_logloss,d_logloss,win_auc,d_auc,판단
size,100,2,0.5,0.0029049192045529915,0.5,-0.00017139913191294154,"비슷함 → 비용·운영으로 결정 (잠정, n=2)"
size,300,2,1.0,-0.01587205319027321,1.0,0.006617817502861167,"FM 권장 (잠정, n=2)"
size,1000,2,1.0,-0.018898993254550134,1.0,0.009246988861986938,"FM 권장 (잠정, n=2)"
size,3000,2,1.0,-0.053281383684651865,1.0,0.02087487836247759,"FM 권장 (잠정, n=2)"
size,10000,1,1.0,-0.005262246857115238,1.0,0.0029167164224174202,"FM 권장 (잠정, n=1)"
missing,0.0,2,1.0,-0.018898993254550134,1.0,0.009246988861986938,"FM 권장 (잠정, n=2)"
missing,0.1,2,1.0,-0.026637634285896578,1.0,0.01670737656500132,"FM 권장 (잠정, n=2)"
missing,0.3,2,1.0,-0.026281958624831764,1.0,0.016153698026265262,"FM 권장 (잠정, n=2)"
missing,0.5,2,1.0,-0.022954671810237415,1.0,0.014316670866943937,"FM 권장 (잠정, n=2)"
cat_frac,0.0,2,1.0,-0.018898993254550134,1.0,0.009246988861986938,"FM 권장 (잠정, n=2)"
cat_frac,0.5,2,1.0,-0.02578594250310462,1.0,0.010428819532766975,"FM 권장 (잠정, n=2)"
cat_frac,1.0,2,1.0,-0.022337919319821292,1.0,0.012782616438010097,"FM 권장 (잠정, n=2)"
prevalence,orig,2,1.0,-0.018898993254550134,1.0,0.009246988861986938,"FM 권장 (잠정, n=2)"
prevalence,0.1,2,1.0,-0.019838438228241842,1.0,0.01627361111111103,"FM 권장 (잠정, n=2)"
prevalence,0.03,2,0.5,-0.004075637632030504,0.5,0.006172680412371123,"비슷함 → 비용·운영으로 결정 (잠정, n=2)"
