key,model,status,auc,pr_auc,acc,logloss,brier,ece,prep_s,tune_s,fit_s,predict_s,total_s,load_s,part,dataset,axis,level,seed,meta_n_rows,meta_n_feat,meta_cat_ratio,meta_missing_rate,meta_prevalence
A|blood-transfusion|natural|natural|0|Kumo,Kumo,ok,0.7832947147743573,0.517540726692147,0.7857142857142857,0.45457202648892786,0.1471558342001464,0.053749071517294,0.0009193750156555325,0.0,0.8644679590070155,0.335442832991248,1.200830167013919,1.7995559160190169,A,blood-transfusion,natural,natural,0,524,4,0.0,0.0,0.2385496183206107
A|blood-transfusion|natural|natural|0|TabICLv2,TabICLv2,ok,0.7685093236235243,0.5087821836752664,0.7767857142857143,0.45957798762962815,0.14908382326839947,0.07373022674749206,0.0008023330010473728,0.0,0.7957017080043443,0.3215792919800151,1.1180833329854067,0.049113042012322694,A,blood-transfusion,natural,natural,0,524,4,0.0,0.0,0.2385496183206107
A|blood-transfusion|natural|natural|0|XGB-default,XGB-default,ok,0.6987752399867594,0.4193530566757639,0.75,0.6012247176862572,0.18237363925853617,0.1322652656921751,0.0,8.33999365568161e-07,0.008622082998044789,0.000598999991780147,0.009221916989190504,0.0,A,blood-transfusion,natural,natural,0,524,4,0.0,0.0,0.2385496183206107
A|blood-transfusion|natural|natural|0|XGB-tuned,XGB-tuned,ok,0.7412004854904558,0.5041333453638471,0.7857142857142857,0.475346277823492,0.15234392606456804,0.09086261046884049,0.0,0.43939395900815725,0.002304458001162857,0.0003271249879617244,0.44202554199728183,0.0,A,blood-transfusion,natural,natural,0,524,4,0.0,0.0,0.2385496183206107
A|blood-transfusion|natural|natural|0|LGBM-default,LGBM-default,ok,0.7115745338188239,0.4601515820398978,0.78125,0.5255236136602685,0.16642315679550643,0.09905938981076734,0.0,7.500057108700275e-07,0.007544458989286795,0.0011618749995250255,0.00870708399452269,0.0,A,blood-transfusion,natural,natural,0,524,4,0.0,0.0,0.2385496183206107
A|blood-transfusion|natural|natural|0|LGBM-tuned,LGBM-tuned,ok,0.7421383647798743,0.4776046763560765,0.8125,0.47203968025356474,0.15211097611821114,0.09261700209322866,0.0,0.2407944170117844,0.0016464579966850579,0.00030495901592075825,0.2427458340243902,0.0,A,blood-transfusion,natural,natural,0,524,4,0.0,0.0,0.2385496183206107
A|blood-transfusion|natural|natural|0|CatBoost-default,CatBoost-default,ok,0.7423590422597375,0.5003355188069653,0.8035714285714286,0.4822792198802236,0.15183367500443865,0.0614580823022193,0.0,3.7500285543501377e-07,0.2721302919962909,0.0005517500103451312,0.2726824170094915,0.0,A,blood-transfusion,natural,natural,0,524,4,0.0,0.0,0.2385496183206107
A|blood-transfusion|natural|natural|0|CatBoost-tuned,CatBoost-tuned,ok,0.758358159549818,0.5168899519646769,0.7678571428571429,0.4745811072231375,0.15251812859568054,0.08674260660740236,0.0,0.9796229169878643,0.005485833011334762,0.0001907499972730875,0.9852994999964722,0.0,A,blood-transfusion,natural,natural,0,524,4,0.0,0.0,0.2385496183206107
A|blood-transfusion|natural|natural|0|LogReg,LogReg,ok,0.763213064106808,0.48660572876374836,0.7589285714285714,0.46910288317511833,0.15399059829546183,0.0610450468430666,0.0006558749882970005,0.0,0.02700329100480303,0.0008418340003117919,0.028500999993411824,0.0,A,blood-transfusion,natural,natural,0,524,4,0.0,0.0,0.2385496183206107
A|credit-g|natural|natural|0|Kumo,Kumo,ok,0.8083068783068783,0.6434095106014709,0.7533333333333333,0.4762461737792207,0.15844337469822695,0.08533783880993723,0.0014321659982670099,0.0,2.8106751670129597,1.0822642919956706,3.8943716250068974,1.7995559160190169,A,credit-g,natural,natural,0,700,20,0.65,0.0,0.3
A|credit-g|natural|natural|0|TabICLv2,TabICLv2,ok,0.8022751322751323,0.6324021570693935,0.7366666666666667,0.48252639863957164,0.16118887944537771,0.0862519736494869,0.0014355829916894436,0.0,2.402089542010799,0.8642330000002403,3.2677581250027288,0.049113042012322694,A,credit-g,natural,natural,0,700,20,0.65,0.0,0.3
A|credit-g|natural|natural|0|XGB-default,XGB-default,ok,0.7553439153439153,0.5973933176169797,0.7266666666666667,0.7136042945968569,0.19893192752959354,0.15728432272970774,0.0,4.5899651013314724e-07,0.019173000007867813,0.0018717909988481551,0.0210452500032261,0.0,A,credit-g,natural,natural,0,700,20,0.65,0.0,0.3
A|credit-g|natural|natural|0|XGB-tuned,XGB-tuned,ok,0.7752910052910053,0.5746160408644068,0.7133333333333334,0.5130869421990645,0.17152438968622094,0.08312661283959946,0.0,1.1486010829976294,0.0077933340216986835,0.0013853749842382967,1.1577797920035664,0.0,A,credit-g,natural,natural,0,700,20,0.65,0.0,0.3
A|credit-g|natural|natural|0|LGBM-default,LGBM-default,ok,0.7580952380952382,0.554441706911044,0.7233333333333334,0.6043906806510152,0.1943645612252384,0.13626565506190363,0.0,3.33995558321476e-07,0.015663791011320427,0.00295258397818543,0.01861670898506418,0.0,A,credit-g,natural,natural,0,700,20,0.65,0.0,0.3
A|credit-g|natural|natural|0|LGBM-tuned,LGBM-tuned,ok,0.7883597883597884,0.6138862947897333,0.7533333333333333,0.49697617693547746,0.16634219909954312,0.07855404597442701,0.0,0.6762472910049837,0.01497529199696146,0.002600083011202514,0.6938226660131477,0.0,A,credit-g,natural,natural,0,700,20,0.65,0.0,0.3
A|credit-g|natural|natural|0|CatBoost-default,CatBoost-default,ok,0.8066137566137566,0.6084870227921486,0.7466666666666667,0.48572999338307493,0.16267924211132836,0.08099075849301984,0.0,5.420006345957518e-07,2.783420915977331,0.0038417500036302954,2.7872632079815958,0.0,A,credit-g,natural,natural,0,700,20,0.65,0.0,0.3
A|credit-g|natural|natural|0|CatBoost-tuned,CatBoost-tuned,ok,0.7962962962962962,0.5902615143979979,0.7366666666666667,0.49470210945447635,0.1659873569970582,0.09547953231050246,0.0,43.55386174999876,0.24451270801364444,0.003617334004957229,43.80199179201736,0.0,A,credit-g,natural,natural,0,700,20,0.65,0.0,0.3
A|credit-g|natural|natural|0|LogReg,LogReg,ok,0.7591005291005292,0.5366881953389862,0.7266666666666667,0.5357434698099791,0.17872876376469476,0.0812311107086395,0.002374750009039417,0.0,0.013166290998924524,0.0032439999922644347,0.018785041000228375,0.0,A,credit-g,natural,natural,0,700,20,0.65,0.0,0.3
A|kc1|natural|natural|0|Kumo,Kumo,ok,0.8316995337460826,0.5217189326086472,0.8591772151898734,0.3266909774756272,0.10091578550395908,0.031052518759034805,0.0015722080133855343,0.0,6.914596207992872,2.831359792005969,9.747528208012227,1.7995559160190169,A,kc1,natural,natural,0,1477,21,0.0,0.0,0.15436696005416384
A|kc1|natural|natural|0|TabICLv2,TabICLv2,ok,0.8363047466177482,0.5286082357034882,0.8544303797468354,0.32662071524764086,0.10008877148754673,0.037297359245160255,0.0010803340119309723,0.0,5.485783665993949,2.141086749994429,7.627950750000309,0.049113042012322694,A,kc1,natural,natural,0,1477,21,0.0,0.0,0.15436696005416384
A|kc1|natural|natural|0|XGB-default,XGB-default,ok,0.7746598639455783,0.41243035009378437,0.8449367088607594,0.45170900900330546,0.12289953515050317,0.09729887492537699,0.0,5.5000127758830786e-06,0.03565949999028817,0.0014491250040009618,0.03711412500706501,0.0,A,kc1,natural,natural,0,1477,21,0.0,0.0,0.15436696005416384
A|kc1|natural|natural|0|XGB-tuned,XGB-tuned,ok,0.801010853779714,0.42793777387869236,0.8544303797468354,0.3627427144195312,0.1126783472319685,0.05433512027994318,0.0,0.7071275830094237,0.02692208398366347,0.0011251660180278122,0.735174833011115,0.0,A,kc1,natural,natural,0,1477,21,0.0,0.0,0.15436696005416384
A|kc1|natural|natural|0|LGBM-default,LGBM-default,ok,0.7718126576473285,0.4240714957998877,0.8386075949367089,0.4470175981704917,0.12351351473361587,0.09042731409494771,0.0,4.580069798976183e-07,0.030675167014123872,0.006916332989931107,0.037591958011034876,0.0,A,kc1,natural,natural,0,1477,21,0.0,0.0,0.15436696005416384
A|kc1|natural|natural|0|LGBM-tuned,LGBM-tuned,ok,0.7951444622792937,0.4294048381009745,0.8496835443037974,0.36805180648778707,0.11383480624392876,0.052280396308935016,0.0,0.558426541974768,0.013037167023867369,0.0014722079795319587,0.5729359169781674,0.0,A,kc1,natural,natural,0,1477,21,0.0,0.0,0.15436696005416384
A|kc1|natural|natural|0|CatBoost-default,CatBoost-default,ok,0.8086925781548573,0.46860395350722095,0.865506329113924,0.3497716503486368,0.10758090308575788,0.045781687802297924,0.0,5.839974619448185e-07,1.4021671249938663,0.00199162500211969,1.404159333993448,0.0,A,kc1,natural,natural,0,1477,21,0.0,0.0,0.15436696005416384
A|kc1|natural|natural|0|CatBoost-tuned,CatBoost-tuned,ok,0.7959948024153481,0.457901944443783,0.8575949367088608,0.3649232423647686,0.11112776829255201,0.04837232441215051,0.0,10.123302708991105,0.5948973330087028,0.0010636250081006438,10.719263667007908,0.0,A,kc1,natural,natural,0,1477,21,0.0,0.0,0.15436696005416384
A|kc1|natural|natural|0|LogReg,LogReg,ok,0.7998834365206757,0.4528906456398587,0.8512658227848101,0.3538871415674471,0.10917557608509262,0.04933149598500616,0.0017520000110380352,0.0,0.008702457998879254,0.0014123340079095215,0.01186679201782681,0.0,A,kc1,natural,natural,0,1477,21,0.0,0.0,0.15436696005416384
A|phoneme|natural|natural|0|Kumo,Kumo,ok,0.9792851638471983,0.9515130838995374,0.933374460209747,0.16908460906927905,0.05067471769124709,0.02177074323263482,0.0016228749882429838,0.0,14.132926082995255,8.842453167017084,22.97700212500058,1.7995559160190169,A,phoneme,natural,natural,0,3783,5,0.0,0.0,0.2934179222839017
A|phoneme|natural|natural|0|TabICLv2,TabICLv2,ok,0.9756522696414811,0.94209972064074,0.9290561381863047,0.1831797153622194,0.05465142156840559,0.020969710795497618,0.003050708008231595,0.0,28.60651774998405,9.592247583001154,38.201816040993435,0.049113042012322694,A,phoneme,natural,natural,0,3783,5,0.0,0.0,0.2934179222839017
A|phoneme|natural|natural|0|XGB-default,XGB-default,ok,0.9566052621922131,0.889104570598892,0.8988278840222085,0.25075373652885863,0.07416469564430714,0.03516209228028558,0.0,2.6250199880450964e-06,0.028606499981833622,0.0013601249956991524,0.02996924999752082,0.0,A,phoneme,natural,natural,0,3783,5,0.0,0.0,0.2934179222839017
A|phoneme|natural|natural|0|XGB-tuned,XGB-tuned,ok,0.9547686323437672,0.8918097233782072,0.9000616903146206,0.247085178912294,0.0744705570142108,0.017257581198110286,0.0,0.7568112500011921,0.04756708300556056,0.0033673330035526305,0.8077456660103053,0.0,A,phoneme,natural,natural,0,3783,5,0.0,0.0,0.2934179222839017
A|phoneme|natural|natural|0|LGBM-default,LGBM-default,ok,0.9541686543613079,0.8809282890059682,0.9025293028994448,0.24814001343860453,0.07336172776334499,0.017430882410589488,0.0,4.169996827840805e-07,0.02765745800570585,0.00658387498697266,0.03424174999236129,0.0,A,phoneme,natural,natural,0,3783,5,0.0,0.0,0.2934179222839017
A|phoneme|natural|natural|0|LGBM-tuned,LGBM-tuned,ok,0.9559502403581519,0.8852846379556008,0.9019123997532388,0.24395127878928358,0.07220579625608395,0.022443038683141105,0.0,1.0940126669884194,0.13068341600592248,0.027535750006791204,1.252231833001133,0.0,A,phoneme,natural,natural,0,3783,5,0.0,0.0,0.2934179222839017
A|phoneme|natural|natural|0|CatBoost-default,CatBoost-default,ok,0.9549943121353345,0.8932034394940357,0.904380012338063,0.24739122190979848,0.07416983729236132,0.023555337270858238,0.0,4.169996827840805e-07,0.9957455420226324,0.0009324999991804361,0.9966784590214957,0.0,A,phoneme,natural,natural,0,3783,5,0.0,0.0,0.2934179222839017
A|phoneme|natural|natural|0|CatBoost-tuned,CatBoost-tuned,ok,0.9607152031118122,0.9048862054213285,0.9074645280690932,0.23193380571777403,0.0688475614256459,0.02801961303153396,0.0,12.435765833011828,3.072873791999882,0.0012240000069141388,15.509863625018625,0.0,A,phoneme,natural,natural,0,3783,5,0.0,0.0,0.2934179222839017
A|phoneme|natural|natural|0|LogReg,LogReg,ok,0.834828079703497,0.633042381240427,0.7723627390499691,0.44944118001455563,0.1484786264619786,0.05800346698457094,0.0011494590144138783,0.0,0.008125624997774139,0.0013702499854844064,0.010645333997672424,0.0,A,phoneme,natural,natural,0,3783,5,0.0,0.0,0.2934179222839017
A|churn|natural|natural|0|Kumo,Kumo,ok,0.9349657213172389,0.9098871791004758,0.976,0.10607867996016108,0.022934619163179487,0.01026770296817025,0.00406104201101698,0.0,30.93820366699947,13.340248791006161,44.28251350001665,1.7995559160190169,A,churn,natural,natural,0,3500,20,0.2,0.0,0.14142857142857143
A|churn|natural|natural|0|TabICLv2,TabICLv2,ok,0.9353832180944569,0.9085036074354575,0.974,0.1097547782799908,0.024258654416190975,0.009602234805002805,0.004068165988428518,0.0,28.77842320900527,8.615849124995293,37.39834049998899,0.049113042012322694,A,churn,natural,natural,0,3500,20,0.2,0.0,0.14142857142857143
A|churn|natural|natural|0|XGB-default,XGB-default,ok,0.9285714285714286,0.8796338335521944,0.9566666666666667,0.174193448092805,0.0358514616397918,0.02402991441213211,0.0,7.666007149964571e-06,0.06705604199669324,0.004391708003822714,0.07145541600766592,0.0,A,churn,natural,natural,0,3500,20,0.2,0.0,0.14142857142857143
A|churn|natural|natural|0|XGB-tuned,XGB-tuned,ok,0.9317063166529942,0.8936600376717574,0.9633333333333334,0.13917160834168305,0.031848231027498605,0.016584324664591497,0.0,1.3979450839979108,0.051138457987690344,0.00264529199921526,1.4517288339848164,0.0,A,churn,natural,natural,0,3500,20,0.2,0.0,0.14142857142857143
A|churn|natural|natural|0|LGBM-default,LGBM-default,ok,0.9265169049572249,0.8889479769278278,0.9653333333333334,0.1469519036246484,0.030316537035939083,0.024552565936292254,0.0,4.999747034162283e-07,0.0513508330041077,0.008901791996322572,0.06025312497513369,0.0,A,churn,natural,natural,0,3500,20,0.2,0.0,0.14142857142857143
A|churn|natural|natural|0|LGBM-tuned,LGBM-tuned,ok,0.9272786534630258,0.8905783276372713,0.9686666666666667,0.13732914069998656,0.030180730144897822,0.019371773053515923,0.0,1.2386275829921942,0.06656104201101698,0.008291332982480526,1.3134799579856917,0.0,A,churn,natural,natural,0,3500,20,0.2,0.0,0.14142857142857143
A|churn|natural|natural|0|CatBoost-default,CatBoost-default,ok,0.9264290108988633,0.896063300221706,0.9673333333333334,0.1386999031634129,0.031044105573875602,0.02328166432543614,0.0,6.249756552278996e-07,3.305756084009772,0.0024291659938171506,3.3081858749792445,0.0,A,churn,natural,natural,0,3500,20,0.2,0.0,0.14142857142857143
A|churn|natural|natural|0|CatBoost-tuned,CatBoost-tuned,ok,0.9275496601429744,0.8933795378781106,0.966,0.14334813907202734,0.03258795752726322,0.027482190594168752,0.0,16.638577417004853,0.9396391249902081,0.0020124159927945584,17.580228957987856,0.0,A,churn,natural,natural,0,3500,20,0.2,0.0,0.14142857142857143
A|churn|natural|natural|0|LogReg,LogReg,ok,0.856230956287355,0.49339328745728744,0.856,0.3059042297704072,0.09456996576403241,0.05987309506137061,0.0014782079961150885,0.0,0.015325832995586097,0.0023716250143479556,0.01917566600604914,0.0,A,churn,natural,natural,0,3500,20,0.2,0.0,0.14142857142857143
A|adult|natural|natural|0|Kumo,Kumo,ok,0.9237083063965992,0.8255298472012524,0.878,0.28194550006533525,0.08982476602434619,0.024034744638964184,0.0017755420121829957,0.0,30.914239540987182,12.91141566701117,43.827430750010535,1.7995559160190169,A,adult,natural,natural,0,5000,14,0.5714285714285714,0.009542857142857143,0.2392
A|adult|natural|natural|0|TabICLv2,TabICLv2,ok,0.9162881798179694,0.8104597994961484,0.8735,0.29621150006485,0.09393388799057194,0.023710517238872856,0.002178166003432125,0.0,25.659155499975896,10.778347209008643,36.43968087498797,0.049113042012322694,A,adult,natural,natural,0,5000,14,0.5714285714285714,0.009542857142857143,0.2392
A|adult|natural|natural|0|XGB-default,XGB-default,ok,0.9014438089434075,0.7864183573234994,0.856,0.35274544895474896,0.10522275121395952,0.05736256726901002,0.0,4.7079811338335276e-06,0.05568583300919272,0.004746583988890052,0.060437124979216605,0.0,A,adult,natural,natural,0,5000,14,0.5714285714285714,0.009542857142857143,0.2392
A|adult|natural|natural|0|XGB-tuned,XGB-tuned,ok,0.9153143396759904,0.8100026343823269,0.8715,0.29702033295645924,0.09461878824795218,0.027050013542699165,0.0,1.2486857919720933,0.057264375005615875,0.004657500016037375,1.3106076669937465,0.0,A,adult,natural,natural,0,5000,14,0.5714285714285714,0.009542857142857143,0.2392
A|adult|natural|natural|0|LGBM-default,LGBM-default,ok,0.9079580377155454,0.8031653894117629,0.855,0.31315325089816076,0.09831180686599511,0.037628204941486616,0.0,5.420006345957518e-07,0.038791291997767985,0.010353207995649427,0.04914504199405201,0.0,A,adult,natural,natural,0,5000,14,0.5714285714285714,0.009542857142857143,0.2392
A|adult|natural|natural|0|LGBM-tuned,LGBM-tuned,ok,0.9126934126131172,0.8035085841667033,0.867,0.3015215169493896,0.09632683949987346,0.01816118649434378,0.0,0.9799965840065852,0.06301291601266712,0.015376083989394829,1.0583855840086471,0.0,A,adult,natural,natural,0,5000,14,0.5714285714285714,0.009542857142857143,0.2392
A|adult|natural|natural|0|CatBoost-default,CatBoost-default,ok,0.9146342300349045,0.8092046087436017,0.8685,0.297805009424996,0.09442166725137863,0.023578303668428696,0.0,4.5797787606716156e-07,6.423410749994218,0.005287375010084361,6.428698582982179,0.0,A,adult,natural,natural,0,5000,14,0.5714285714285714,0.009542857142857143,0.2392
A|adult|natural|natural|0|CatBoost-tuned,CatBoost-tuned,ok,0.9159347424161942,0.811440915997762,0.8735,0.29542123835158507,0.09326578306119425,0.02266536713710377,0.0,31.46134841698222,0.8942253749992233,0.004137583018746227,32.35971137500019,0.0,A,adult,natural,natural,0,5000,14,0.5714285714285714,0.009542857142857143,0.2392
A|adult|natural|natural|0|LogReg,LogReg,ok,0.899151612978496,0.7624307828105849,0.8545,0.3290774767069986,0.10523570702195252,0.02964474102672903,0.0016901250055525452,0.0,0.03156820801086724,0.004032458004076034,0.03729079102049582,0.0,A,adult,natural,natural,0,5000,14,0.5714285714285714,0.009542857142857143,0.2392
B|adult|size|100|0|Kumo,Kumo,ok,0.8506078437024317,0.6218005517938242,0.8,0.39834631418677735,0.12991674457331248,0.03571550379646942,0.0013814590056426823,0.0,0.374362165981438,4.679090624995297,5.0548342499823775,1.7995559160190169,B,adult,size,100,0,100,14,0.5714285714285714,0.0071428571428571435,0.24
B|adult|size|100|0|TabICLv2,TabICLv2,ok,0.8473507293163629,0.6158749218728025,0.801,0.3964107016285102,0.12963877573864158,0.023460500728804626,0.0010895419982261956,0.0,0.32996400000411086,3.7698200829909183,4.100873624993255,0.049113042012322694,B,adult,size,100,0,100,14,0.5714285714285714,0.0071428571428571435,0.24
B|adult|size|100|0|XGB-default,XGB-default,ok,0.7897088636610077,0.5155575205452188,0.7845,0.5872053890800231,0.16671934689449058,0.11518486933375244,0.0,5.420006345957518e-07,0.007238375023007393,0.002900124993175268,0.010139042016817257,0.0,B,adult,size,100,0,100,14,0.5714285714285714,0.0071428571428571435,0.24
B|adult|size|100|0|XGB-tuned,XGB-tuned,ok,0.8355424886659831,0.5891767435474241,0.797,0.42674522047562574,0.13738788560702422,0.0601884545609355,0.0,0.2871224580158014,0.002542375004850328,0.0011062919802498072,0.2907711250009015,0.0,B,adult,size,100,0,100,14,0.5714285714285714,0.0071428571428571435,0.24
B|adult|size|100|0|LGBM-default,LGBM-default,ok,0.7779925853637111,0.4862848496624151,0.766,0.4713502759398011,0.1549563428579898,0.05321295478754296,0.0,5.00003807246685e-07,0.0038682090234942734,0.002707540988922119,0.006576250016223639,0.0,B,adult,size,100,0,100,14,0.5714285714285714,0.0071428571428571435,0.24
B|adult|size|100|0|LGBM-tuned,LGBM-tuned,ok,0.8204414467462484,0.574173630737836,0.799,0.42518699252309294,0.1388628296814695,0.031145707081301856,0.0,0.18664333401829936,0.003050207975320518,0.0022876670118421316,0.191981209005462,0.0,B,adult,size,100,0,100,14,0.5714285714285714,0.0071428571428571435,0.24
B|adult|size|100|0|CatBoost-default,CatBoost-default,ok,0.8117009054860349,0.5448215665383921,0.7815,0.42816911221389936,0.14124951392800347,0.03775630108322639,0.0,5.420006345957518e-07,1.1999384580121841,0.004998541990062222,1.204937542002881,0.0,B,adult,size,100,0,100,14,0.5714285714285714,0.0071428571428571435,0.24
B|adult|size|100|0|CatBoost-tuned,CatBoost-tuned,ok,0.8051400092511383,0.5226439721326386,0.761,0.4650561335842821,0.15112907945962248,0.09639175614853139,0.0,8.572476166998968,0.05245408299379051,0.0037823329912498593,8.628712582984008,0.0,B,adult,size,100,0,100,14,0.5714285714285714,0.0071428571428571435,0.24
B|adult|size|100|0|LogReg,LogReg,ok,0.822891488541079,0.5944252977452401,0.792,0.44738917329403044,0.14370242530011582,0.055265022027548495,0.00136674998793751,0.0,0.00539395899977535,0.0043315410148352385,0.011092250002548099,0.0,B,adult,size,100,0,100,14,0.5714285714285714,0.0071428571428571435,0.24
B|adult|size|300|0|Kumo,Kumo,ok,0.8902545984607972,0.7174546329333996,0.829,0.34559812220523245,0.11262977276825659,0.037017298216291246,0.0013916250027250499,0.0,0.9093986249936279,4.947421457996825,5.858211707993178,1.7995559160190169,B,adult,size,300,0,300,14,0.5714285714285714,0.0071428571428571435,0.24
B|adult|size|300|0|TabICLv2,TabICLv2,ok,0.8892841897499036,0.7182682033656826,0.8315,0.349014467517811,0.11382952953875007,0.040802687342293205,0.0013200419780332595,0.0,0.8105200830032118,4.054671084013535,4.86651120899478,0.049113042012322694,B,adult,size,300,0,300,14,0.5714285714285714,0.0071428571428571435,0.24
B|adult|size|300|0|XGB-default,XGB-default,ok,0.8593545615385989,0.6422794198517027,0.814,0.5257330422905386,0.14390333940191405,0.10771898794081061,0.0,5.830079317092896e-07,0.012020416994346306,0.003735040983883664,0.01575604098616168,0.0,B,adult,size,300,0,300,14,0.5714285714285714,0.0071428571428571435,0.24
B|adult|size|300|0|XGB-tuned,XGB-tuned,ok,0.8736135302700261,0.66001845255784,0.82,0.37112831647685257,0.12013246728565888,0.029498172479681666,0.0,0.7590756249846891,0.006612583005335182,0.0023817920009605587,0.7680699999909848,0.0,B,adult,size,300,0,300,14,0.5714285714285714,0.0071428571428571435,0.24
B|adult|size|300|0|LGBM-default,LGBM-default,ok,0.8272432294433258,0.6091054013221503,0.8055,0.47019460803927776,0.14463398837581037,0.0849354044004225,0.0,7.080088835209608e-07,0.007109541998943314,0.006337082973914221,0.013447332981741056,0.0,B,adult,size,300,0,300,14,0.5714285714285714,0.0071428571428571435,0.24
B|adult|size|300|0|LGBM-tuned,LGBM-tuned,ok,0.8691444344246656,0.6674447571024982,0.818,0.371211156038844,0.12045360306103162,0.014847237355471634,0.0,0.37303449999308214,0.016942207992542535,0.013301917002536356,0.403278624988161,0.0,B,adult,size,300,0,300,14,0.5714285714285714,0.0071428571428571435,0.24
B|adult|size|300|0|CatBoost-default,CatBoost-default,ok,0.8845241085485184,0.7140701048514746,0.8355,0.3504205279481583,0.11441330646657989,0.03274447772421956,0.0,5.00003807246685e-07,1.5541799999773502,0.005718708009226248,1.5598992079903837,0.0,B,adult,size,300,0,300,14,0.5714285714285714,0.0071428571428571435,0.24
B|adult|size|300|0|CatBoost-tuned,CatBoost-tuned,ok,0.8813486622222769,0.7108075250943926,0.833,0.358973804665715,0.11492176152436988,0.03831956223892829,0.0,15.726948875002563,0.06781054197927006,0.0040123330254573375,15.79877175000729,0.0,B,adult,size,300,0,300,14,0.5714285714285714,0.0071428571428571435,0.24
B|adult|size|300|0|LogReg,LogReg,ok,0.8958395956950638,0.7479472780589442,0.8345,0.3426691673198862,0.11050316703133849,0.03581218077970509,0.00157275001402013,0.0,0.006986374995904043,0.004178999981377274,0.012738124991301447,0.0,B,adult,size,300,0,300,14,0.5714285714285714,0.0071428571428571435,0.24
B|adult|size|1000|0|Kumo,Kumo,ok,0.9103874909238647,0.7859569886257775,0.856,0.3107673031672842,0.0990114314460591,0.023211198197444907,0.0014540829870384187,0.0,3.346372166997753,5.9806657080189325,9.328491958003724,1.7995559160190169,B,adult,size,1000,0,1000,14,0.5714285714285714,0.010071428571428573,0.239
B|adult|size|1000|0|TabICLv2,TabICLv2,ok,0.9042095423980762,0.7679618977141199,0.8515,0.32031457202989455,0.10274610891898299,0.02205843287621973,0.0016126249975059181,0.0,2.916720166016603,4.935312333982438,7.853645124996547,0.049113042012322694,B,adult,size,1000,0,1000,14,0.5714285714285714,0.010071428571428573,0.239
B|adult|size|1000|0|XGB-default,XGB-default,ok,0.8824432887384549,0.7277087688179671,0.8335,0.44914728057045455,0.12752132819535011,0.0929527786382282,0.0,2.9098009690642357e-07,0.02368820901028812,0.004546665993984789,0.028235165984369814,0.0,B,adult,size,1000,0,1000,14,0.5714285714285714,0.010071428571428573,0.239
B|adult|size|1000|0|XGB-tuned,XGB-tuned,ok,0.9049699475265558,0.7735489419582515,0.8515,0.3204673061255912,0.10187488119486059,0.02788956498983317,0.0,1.2595222089730669,0.007274833013070747,0.0019402079924475402,1.2687372499785852,0.0,B,adult,size,1000,0,1000,14,0.5714285714285714,0.010071428571428573,0.239
B|adult|size|1000|0|LGBM-default,LGBM-default,ok,0.8868808154178316,0.738996887473776,0.833,0.40587025930118653,0.1217736113716859,0.08286158504236465,0.0,4.580069798976183e-07,0.01751333399442956,0.012807874998543411,0.030321666999952868,0.0,B,adult,size,1000,0,1000,14,0.5714285714285714,0.010071428571428573,0.239
B|adult|size|1000|0|LGBM-tuned,LGBM-tuned,ok,0.9019139150020795,0.7629102785706319,0.8495,0.32709320250926155,0.10454541937325298,0.029264955632937076,0.0,0.6884407500037923,0.013497665990144014,0.0060204170003999025,0.7079588329943363,0.0,B,adult,size,1000,0,1000,14,0.5714285714285714,0.010071428571428573,0.239
B|adult|size|1000|0|CatBoost-default,CatBoost-default,ok,0.9020189167932864,0.7638409580001391,0.848,0.3238042729232086,0.1038380332908379,0.016591287765903573,0.0,5.00003807246685e-07,2.303545083006611,0.00533412498771213,2.3088797079981305,0.0,B,adult,size,1000,0,1000,14,0.5714285714285714,0.010071428571428573,0.239
B|adult|size|1000|0|CatBoost-tuned,CatBoost-tuned,ok,0.9040125782537859,0.7675291789814136,0.8515,0.3279647240396858,0.10343912014014123,0.032618689032847106,0.0,18.843341750005493,0.04139366699382663,0.003845458006253466,18.888580875005573,0.0,B,adult,size,1000,0,1000,14,0.5714285714285714,0.010071428571428573,0.239
B|adult|size|1000|0|LogReg,LogReg,ok,0.897829825724478,0.7513203762459719,0.8445,0.3316362047986742,0.10652888554635564,0.023558446864370763,0.0016467079985886812,0.0,0.010004042007494718,0.004190957988612354,0.015841707994695753,0.0,B,adult,size,1000,0,1000,14,0.5714285714285714,0.010071428571428573,0.239
B|adult|size|3000|0|Kumo,Kumo,ok,0.9245442030089533,0.8290556455401303,0.8705,0.2824415323072125,0.08878248510178549,0.017125959317076198,0.0016502499929629266,0.0,13.617055374983465,8.344104458024958,21.962810083001386,1.7995559160190169,B,adult,size,3000,0,3000,14,0.5714285714285714,0.008833333333333334,0.23933333333333334
B|adult|size|3000|0|TabICLv2,TabICLv2,ok,0.9175248675810744,0.8088198742521884,0.8655,0.2962595377485066,0.09365580519473604,0.025024824217238343,0.0016219999815803021,0.0,11.67767004200141,7.378427083021961,19.05771912500495,0.049113042012322694,B,adult,size,3000,0,3000,14,0.5714285714285714,0.008833333333333334,0.23933333333333334
B|adult|size|3000|0|XGB-default,XGB-default,ok,0.8977172747848836,0.7744477568962791,0.848,0.3761316534095877,0.11035088939029573,0.06637925388257906,0.0,5.420006345957518e-07,0.040373750001890585,0.004496042005484924,0.044870334008010104,0.0,B,adult,size,3000,0,3000,14,0.5714285714285714,0.008833333333333334,0.23933333333333334
B|adult|size|3000|0|XGB-tuned,XGB-tuned,ok,0.9096483606681134,0.7988785364230822,0.856,0.3090806346301127,0.09708318980448356,0.02177425274415873,0.0,0.65171599999303,0.026861291989916936,0.0035566670121625066,0.6821339589951094,0.0,B,adult,size,3000,0,3000,14,0.5714285714285714,0.008833333333333334,0.23933333333333334
B|adult|size|3000|0|LGBM-default,LGBM-default,ok,0.9043715059452974,0.7895818078067336,0.857,0.3294420588258664,0.10182747304373967,0.041432859365654766,0.0,5.830079317092896e-07,0.028815083991503343,0.010923082998488098,0.03973874999792315,0.0,B,adult,size,3000,0,3000,14,0.5714285714285714,0.008833333333333334,0.23933333333333334
B|adult|size|3000|0|LGBM-tuned,LGBM-tuned,ok,0.9110415216887033,0.8047413070213254,0.8705,0.3051718809399565,0.09580907804419457,0.024628474163359115,0.0,0.5973211670061573,0.025465415994403884,0.007790167001076043,0.6305767500016373,0.0,B,adult,size,3000,0,3000,14,0.5714285714285714,0.008833333333333334,0.23933333333333334
B|adult|size|3000|0|CatBoost-default,CatBoost-default,ok,0.9107278888875163,0.8002966170371987,0.868,0.3062983119462051,0.09627779532317442,0.021853589008060406,0.0,6.659829523414373e-07,4.4811754999973346,0.005588333995547146,4.486764499975834,0.0,B,adult,size,3000,0,3000,14,0.5714285714285714,0.008833333333333334,0.23933333333333334
B|adult|size|3000|0|CatBoost-tuned,CatBoost-tuned,ok,0.9081399035630607,0.7935521044094616,0.8615,0.31164245914404765,0.09826095372307861,0.024633918078024362,0.0,13.687394500011578,0.12119312499999069,0.003874084010021761,13.81246170902159,0.0,B,adult,size,3000,0,3000,14,0.5714285714285714,0.008833333333333334,0.23933333333333334
B|adult|size|3000|0|LogReg,LogReg,ok,0.9011994910501413,0.7649166060083905,0.852,0.32722519447883275,0.10310261490194873,0.024813832820350754,0.0016369170043617487,0.0,0.020088457997189835,0.004339458013419062,0.026064833014970645,0.0,B,adult,size,3000,0,3000,14,0.5714285714285714,0.008833333333333334,0.23933333333333334
B|adult|size|10000|0|Kumo,Kumo,ok,0.9313603977165885,0.8331705534624863,0.872,0.2737495969343164,0.08705146967513995,0.016926868568456932,0.00240229198243469,0.0,88.0309426250169,17.572923915984575,105.60626883298391,1.7995559160190169,B,adult,size,10000,0,10000,14,0.5714285714285714,0.00915,0.2393
B|adult|size|10000|0|TabICLv2,TabICLv2,ok,0.9269983625210861,0.8235201847622563,0.8665,0.28224068122294954,0.08927797745747577,0.02351731710767671,0.0028870829846709967,0.0,77.35807662500883,15.926357458985876,93.28732116697938,0.049113042012322694,B,adult,size,10000,0,10000,14,0.5714285714285714,0.00915,0.2393
B|adult|size|10000|0|XGB-default,XGB-default,ok,0.9166436760783959,0.8051252611810293,0.866,0.3043929985501651,0.09555801304772044,0.03355504383902564,0.0,5.5000127758830786e-06,0.08269679098157212,0.004522792005445808,0.08722508299979381,0.0,B,adult,size,10000,0,10000,14,0.5714285714285714,0.00915,0.2393
B|adult|size|10000|0|XGB-tuned,XGB-tuned,ok,0.9274746451557115,0.8284343184848529,0.8715,0.2790118437914316,0.0882341643960027,0.020717133991591252,0.0,2.4320342499995604,0.2410415830090642,0.012040582980262116,2.6851164159888867,0.0,B,adult,size,10000,0,10000,14,0.5714285714285714,0.00915,0.2393
B|adult|size|10000|0|LGBM-default,LGBM-default,ok,0.9241338038511637,0.8191801816249156,0.8695,0.28524568611113227,0.0904147998930366,0.014229835711931581,0.0,5.00003807246685e-07,0.058403207978699356,0.009119958005612716,0.06752366598811932,0.0,B,adult,size,10000,0,10000,14,0.5714285714285714,0.00915,0.2393
B|adult|size|10000|0|LGBM-tuned,LGBM-tuned,ok,0.9269928722313497,0.822076333657578,0.8765,0.282069234490993,0.08922600972489164,0.017312184024269817,0.0,1.9106470830156468,0.24575499998172745,0.04688579202047549,2.2032878750178497,0.0,B,adult,size,10000,0,10000,14,0.5714285714285714,0.00915,0.2393
B|adult|size|10000|0|CatBoost-default,CatBoost-default,ok,0.928443681294171,0.8273163840450048,0.8755,0.279739723438919,0.08837662316617227,0.026841980846935058,0.0,7.080088835209608e-07,12.839024874992901,0.006518042006064206,12.84554362500785,0.0,B,adult,size,10000,0,10000,14,0.5714285714285714,0.00915,0.2393
B|adult|size|10000|0|CatBoost-tuned,CatBoost-tuned,ok,0.9276029806782979,0.8239866378287878,0.8715,0.2810447875052958,0.08904851410269607,0.019933004406233815,0.0,45.03221591701731,3.259258374979254,0.004165207996265963,48.29563949999283,0.0,B,adult,size,10000,0,10000,14,0.5714285714285714,0.00915,0.2393
B|adult|size|10000|0|LogReg,LogReg,ok,0.9053638758151364,0.7540909162185215,0.854,0.32138147408716145,0.10320474926631408,0.020009646140775553,0.0017004590190481395,0.0,0.048192999995080754,0.004360374994575977,0.05425383400870487,0.0,B,adult,size,10000,0,10000,14,0.5714285714285714,0.00915,0.2393
B|adult|missing|0.0|0|Kumo,Kumo,ok,0.9103874909238647,0.7859569886257775,0.856,0.3107673031672842,0.0990114314460591,0.023211198197444907,0.0012830419873353094,0.0,3.331725958007155,5.7472152919799555,9.080224291974446,1.7995559160190169,B,adult,missing,0.0,0,1000,14,0.5714285714285714,0.010071428571428573,0.239
B|adult|missing|0.0|0|TabICLv2,TabICLv2,ok,0.9042095423980762,0.7679618977141199,0.8515,0.32031457202989455,0.10274610891898299,0.02205843287621973,0.0013069590204395354,0.0,2.82429491597577,4.8136619590222836,7.639263834018493,0.049113042012322694,B,adult,missing,0.0,0,1000,14,0.5714285714285714,0.010071428571428573,0.239
B|adult|missing|0.0|0|XGB-default,XGB-default,ok,0.8824432887384549,0.7277087688179671,0.8335,0.44914728057045455,0.12752132819535011,0.0929527786382282,0.0,5.830079317092896e-07,0.023030332988128066,0.004543124989140779,0.027574040985200554,0.0,B,adult,missing,0.0,0,1000,14,0.5714285714285714,0.010071428571428573,0.239
B|adult|missing|0.0|0|XGB-tuned,XGB-tuned,ok,0.9049699475265558,0.7735489419582515,0.8515,0.3204673061255912,0.10187488119486059,0.02788956498983317,0.0,1.212830375006888,0.00689416698878631,0.0018317500071134418,1.2215562920027878,0.0,B,adult,missing,0.0,0,1000,14,0.5714285714285714,0.010071428571428573,0.239
B|adult|missing|0.0|0|LGBM-default,LGBM-default,ok,0.8868808154178316,0.738996887473776,0.833,0.40587025930118653,0.1217736113716859,0.08286158504236465,0.0,4.5899651013314724e-07,0.01702420797664672,0.012399792001815513,0.029424458974972367,0.0,B,adult,missing,0.0,0,1000,14,0.5714285714285714,0.010071428571428573,0.239
B|adult|missing|0.0|0|LGBM-tuned,LGBM-tuned,ok,0.9019139150020795,0.7629102785706319,0.8495,0.32709320250926155,0.10454541937325298,0.029264955632937076,0.0,0.6647717909945641,0.013094208989059553,0.0057265000068582594,0.6835924999904819,0.0,B,adult,missing,0.0,0,1000,14,0.5714285714285714,0.010071428571428573,0.239
B|adult|missing|0.0|0|CatBoost-default,CatBoost-default,ok,0.9020189167932864,0.7638409580001391,0.848,0.3238042729232086,0.1038380332908379,0.016591287765903573,0.0,1.0830117389559746e-06,2.2215717919752933,0.004963416024111211,2.2265362910111435,0.0,B,adult,missing,0.0,0,1000,14,0.5714285714285714,0.010071428571428573,0.239
B|adult|missing|0.0|0|CatBoost-tuned,CatBoost-tuned,ok,0.9040125782537859,0.7675291789814136,0.8515,0.3279647240396858,0.10343912014014123,0.032618689032847106,0.0,18.53361912499531,0.04101850002189167,0.0039648749807383865,18.578602499997942,0.0,B,adult,missing,0.0,0,1000,14,0.5714285714285714,0.010071428571428573,0.239
B|adult|missing|0.0|0|LogReg,LogReg,ok,0.897829825724478,0.7513203762459719,0.8445,0.3316362047986742,0.10652888554635564,0.023558446864370763,0.001429416995961219,0.0,0.00938224999117665,0.0035387499956414104,0.01435041698277928,0.0,B,adult,missing,0.0,0,1000,14,0.5714285714285714,0.010071428571428573,0.239
B|adult|missing|0.1|0|Kumo,Kumo,ok,0.8937930901958523,0.74013171020027,0.833,0.3323685703494681,0.1085244792642838,0.019992891652749676,0.001374458021018654,0.0,3.2689413749903906,5.868762375001097,9.139078208012506,1.7995559160190169,B,adult,missing,0.1,0,1000,14,0.5714285714285714,0.10692857142857146,0.239
B|adult|missing|0.1|0|TabICLv2,TabICLv2,ok,0.8893994858343662,0.7246661471712171,0.8285,0.3410846881724866,0.11156086764052776,0.02733407754018844,0.0012621660134755075,0.0,2.829226583999116,4.801537457999075,7.632026208011666,0.049113042012322694,B,adult,missing,0.1,0,1000,14,0.5714285714285714,0.10692857142857146,0.239
B|adult|missing|0.1|0|XGB-default,XGB-default,ok,0.8636664978402573,0.6799253035346131,0.8295,0.5242237647580139,0.13652221274171542,0.10439453223186906,0.0,6.250047590583563e-07,0.028388791979523376,0.0054318750044330955,0.03382129198871553,0.0,B,adult,missing,0.1,0,1000,14,0.5714285714285714,0.10692857142857146,0.239
B|adult|missing|0.1|0|XGB-tuned,XGB-tuned,ok,0.8854931446869778,0.7292006800154496,0.831,0.3467996090433508,0.1119003327718679,0.022771827850432604,0.0,1.748028041998623,0.008306333009386435,0.0023130420013330877,1.7586474170093425,0.0,B,adult,missing,0.1,0,1000,14,0.5714285714285714,0.10692857142857146,0.239
B|adult|missing|0.1|0|LGBM-default,LGBM-default,ok,0.8662304631471165,0.6889926519608321,0.8285,0.46218115249393743,0.13228058082860725,0.08902264651951833,0.0,4.169996827840805e-07,0.021226749988272786,0.013240583008155227,0.0344677499961108,0.0,B,adult,missing,0.1,0,1000,14,0.5714285714285714,0.10692857142857146,0.239
B|adult|missing|0.1|0|LGBM-tuned,LGBM-tuned,ok,0.8802087408157747,0.7202079020991983,0.8275,0.3553533254728003,0.11434063559440269,0.03091532134466133,0.0,0.8689117079775315,0.01667337500839494,0.007600707991514355,0.8931857909774408,0.0,B,adult,missing,0.1,0,1000,14,0.5714285714285714,0.10692857142857146,0.239
B|adult|missing|0.1|0|CatBoost-default,CatBoost-default,ok,0.8811215014844371,0.7158445965395104,0.8265,0.355907403789696,0.11600327457590609,0.04010415230463744,0.0,4.5797787606716156e-07,2.469177834020229,0.005065874982392415,2.4742441669804975,0.0,B,adult,missing,0.1,0,1000,14,0.5714285714285714,0.10692857142857146,0.239
B|adult|missing|0.1|0|CatBoost-tuned,CatBoost-tuned,ok,0.8830609463337903,0.7198388961588594,0.8305,0.35059178548968994,0.11402401357265834,0.030272510433454643,0.0,23.7375182909891,0.3023322919907514,0.003950042009819299,24.04380062498967,0.0,B,adult,missing,0.1,0,1000,14,0.5714285714285714,0.10692857142857146,0.239
B|adult|missing|0.1|0|LogReg,LogReg,ok,0.8817336687900361,0.702759749960435,0.815,0.3535580725128428,0.1157607056976132,0.03492616885647708,0.0013919589982833713,0.0,0.010056583007099107,0.004089082998689264,0.015537625004071742,0.0,B,adult,missing,0.1,0,1000,14,0.5714285714285714,0.10692857142857146,0.239
B|adult|missing|0.3|0|Kumo,Kumo,ok,0.8813891531090824,0.7231194736280739,0.8315,0.3507306468679874,0.11316817268109255,0.011660989725962283,0.0012229169951751828,0.0,3.254742332996102,5.620113167009549,8.876078417000826,1.7995559160190169,B,adult,missing,0.3,0,1000,14,0.5714285714285714,0.2967857142857143,0.239
B|adult|missing|0.3|0|TabICLv2,TabICLv2,ok,0.8748529631779992,0.7104678925890878,0.829,0.35934090377397365,0.11620957584123424,0.025277359470586815,0.0011806670227088034,0.0,2.820214249979472,4.793661167001119,7.6150560840032995,0.049113042012322694,B,adult,missing,0.3,0,1000,14,0.5714285714285714,0.2967857142857143,0.239
B|adult|missing|0.3|0|XGB-default,XGB-default,ok,0.839039803228016,0.6468389192270736,0.818,0.5528630447954479,0.14340146554578564,0.10900647352892794,0.0,3.33995558321476e-07,0.02751408299081959,0.006617208011448383,0.03413162499782629,0.0,B,adult,missing,0.3,0,1000,14,0.5714285714285714,0.2967857142857143,0.239
B|adult|missing|0.3|0|XGB-tuned,XGB-tuned,ok,0.8562600969859682,0.6847112952671491,0.821,0.38504628392706874,0.12251015816743434,0.03606085433717818,0.0,1.8584494999959134,0.03065133301424794,0.007703582989051938,1.8968044159992132,0.0,B,adult,missing,0.3,0,1000,14,0.5714285714285714,0.2967857142857143,0.239
B|adult|missing|0.3|0|LGBM-default,LGBM-default,ok,0.8356948442061659,0.6454151249377855,0.8115,0.4784813314432497,0.1408491859088595,0.09285146534427988,0.0,4.169996827840805e-07,0.020657582994317636,0.015202583017526194,0.035860583011526614,0.0,B,adult,missing,0.3,0,1000,14,0.5714285714285714,0.2967857142857143,0.239
B|adult|missing|0.3|0|LGBM-tuned,LGBM-tuned,ok,0.8555779284862309,0.6799235261139348,0.8225,0.3858074389399192,0.12335975713465644,0.030994949752658596,0.0,0.9541947910038289,0.020738459017593414,0.015657082985853776,0.9905903330072761,0.0,B,adult,missing,0.3,0,1000,14,0.5714285714285714,0.2967857142857143,0.239
B|adult|missing|0.3|0|CatBoost-default,CatBoost-default,ok,0.8703577884563913,0.7077467739334482,0.8315,0.3713280071424249,0.11940770868183,0.042910597621736456,0.0,5.00003807246685e-07,2.4040962909930386,0.0052643340022768825,2.4093611249991227,0.0,B,adult,missing,0.3,0,1000,14,0.5714285714285714,0.2967857142857143,0.239
B|adult|missing|0.3|0|CatBoost-tuned,CatBoost-tuned,ok,0.8646437694133213,0.6939937105597535,0.826,0.3816267202131603,0.12237503077302515,0.045938848020569197,0.0,29.49731537498883,0.6929383329988923,0.004633875010767952,30.19488758299849,0.0,B,adult,missing,0.3,0,1000,14,0.5714285714285714,0.2967857142857143,0.239
B|adult|missing|0.3|0|LogReg,LogReg,ok,0.8627866789100127,0.6823826357300736,0.822,0.37706297812888284,0.12154909298574997,0.025570276915284372,0.0014968340110499412,0.0,0.01028241601306945,0.004316249978728592,0.016095500002847984,0.0,B,adult,missing,0.3,0,1000,14,0.5714285714285714,0.2967857142857143,0.239
B|adult|missing|0.5|0|Kumo,Kumo,ok,0.8509015742033246,0.6716264618221588,0.8225,0.38782560520148757,0.12531066990314318,0.018828158861986605,0.001295875001233071,0.0,3.2350936660077423,5.652151208982104,8.88854074999108,1.7995559160190169,B,adult,missing,0.5,0,1000,14,0.5714285714285714,0.4992857142857143,0.239
B|adult|missing|0.5|0|TabICLv2,TabICLv2,ok,0.844811470313317,0.6595215334025777,0.8145,0.393125917538271,0.12737046222617493,0.0374229376539588,0.0012580839975271374,0.0,2.814302666025469,4.799028124980396,7.614588875003392,0.049113042012322694,B,adult,missing,0.5,0,1000,14,0.5714285714285714,0.4992857142857143,0.239
B|adult|missing|0.5|0|XGB-default,XGB-default,ok,0.8041750908299808,0.5941355237442454,0.796,0.5628610421499389,0.15471708011410612,0.10871742810451634,0.0,4.1601015254855156e-07,0.028734583989717066,0.007646874990314245,0.03638187499018386,0.0,B,adult,missing,0.5,0,1000,14,0.5714285714285714,0.4992857142857143,0.239
B|adult|missing|0.5|0|XGB-tuned,XGB-tuned,ok,0.834668846311692,0.6465789116657088,0.8135,0.4080043800787123,0.13083350098819208,0.031129830501507957,0.0,1.5346250000002328,0.013432542007649317,0.0041705000039655715,1.5522280420118477,0.0,B,adult,missing,0.5,0,1000,14,0.5714285714285714,0.4992857142857143,0.239
B|adult|missing|0.5|0|LGBM-default,LGBM-default,ok,0.7943502173468449,0.593643621251808,0.7975,0.49207969812965746,0.148874892128499,0.08539363966513074,0.0,6.67001586407423e-07,0.019546665978850797,0.0159200000052806,0.0354673329857178,0.0,B,adult,missing,0.5,0,1000,14,0.5714285714285714,0.4992857142857143,0.239
B|adult|missing|0.5|0|LGBM-tuned,LGBM-tuned,ok,0.8403101190157558,0.6558730227666795,0.8185,0.39963481276898494,0.12826959973841434,0.02475331943132944,0.0,0.7466360419930425,0.006782917014788836,0.005161000008229166,0.7585799590160605,0.0,B,adult,missing,0.5,0,1000,14,0.5714285714285714,0.4992857142857143,0.239
B|adult|missing|0.5|0|CatBoost-default,CatBoost-default,ok,0.8364497590449091,0.6440882277930096,0.815,0.40415096081117347,0.13000548975997844,0.023840225537605546,0.0,5.410111043602228e-07,2.75927850001608,0.005543583974940702,2.7648226250021253,0.0,B,adult,missing,0.5,0,1000,14,0.5714285714285714,0.4992857142857143,0.239
B|adult|missing|0.5|0|CatBoost-tuned,CatBoost-tuned,ok,0.8330540148429983,0.6388925217437421,0.808,0.42010654491260946,0.13477036023538852,0.04922441782604166,0.0,28.079992749990197,0.1600613750051707,0.0045266250090207905,28.24458075000439,0.0,B,adult,missing,0.5,0,1000,14,0.5714285714285714,0.4992857142857143,0.239
B|adult|missing|0.5|0|LogReg,LogReg,ok,0.8323581206189203,0.6306477204681569,0.812,0.4053242474078242,0.1317288909265291,0.027577685014756683,0.0017306670197285712,0.0,0.010848290985450149,0.00450700000510551,0.01708595801028423,0.0,B,adult,missing,0.5,0,1000,14,0.5714285714285714,0.4992857142857143,0.239
B|adult|cat_frac|0.0|0|Kumo,Kumo,ok,0.9103874909238647,0.7859569886257775,0.856,0.3107673031672842,0.0990114314460591,0.023211198197444907,0.0015540829917881638,0.0,3.4224946670001373,5.94838470799732,9.372433457989246,1.7995559160190169,B,adult,cat_frac,0.0,0,1000,14,0.5714285714285714,0.010071428571428573,0.239
B|adult|cat_frac|0.0|0|TabICLv2,TabICLv2,ok,0.9042095423980762,0.7679618977141199,0.8515,0.32031457202989455,0.10274610891898299,0.02205843287621973,0.0012319589732214808,0.0,2.8475217500235885,4.856320541002788,7.705074249999598,0.049113042012322694,B,adult,cat_frac,0.0,0,1000,14,0.5714285714285714,0.010071428571428573,0.239
B|adult|cat_frac|0.0|0|XGB-default,XGB-default,ok,0.8824432887384549,0.7277087688179671,0.8335,0.44914728057045455,0.12752132819535011,0.0929527786382282,0.0,4.580069798976183e-07,0.02320349999354221,0.004475166992051527,0.027679124992573634,0.0,B,adult,cat_frac,0.0,0,1000,14,0.5714285714285714,0.010071428571428573,0.239
B|adult|cat_frac|0.0|0|XGB-tuned,XGB-tuned,ok,0.9049699475265558,0.7735489419582515,0.8515,0.3204673061255912,0.10187488119486059,0.02788956498983317,0.0,1.211006333003752,0.007157917018048465,0.0017788329860195518,1.21994308300782,0.0,B,adult,cat_frac,0.0,0,1000,14,0.5714285714285714,0.010071428571428573,0.239
B|adult|cat_frac|0.0|0|LGBM-default,LGBM-default,ok,0.8868808154178316,0.738996887473776,0.833,0.40587025930118653,0.1217736113716859,0.08286158504236465,0.0,4.5797787606716156e-07,0.017140833020675927,0.012549209001008421,0.029690499999560416,0.0,B,adult,cat_frac,0.0,0,1000,14,0.5714285714285714,0.010071428571428573,0.239
B|adult|cat_frac|0.0|0|LGBM-tuned,LGBM-tuned,ok,0.9019139150020795,0.7629102785706319,0.8495,0.32709320250926155,0.10454541937325298,0.029264955632937076,0.0,0.6732142909895629,0.013053625007160008,0.005295667011523619,0.6915635830082465,0.0,B,adult,cat_frac,0.0,0,1000,14,0.5714285714285714,0.010071428571428573,0.239
B|adult|cat_frac|0.0|0|CatBoost-default,CatBoost-default,ok,0.9020189167932864,0.7638409580001391,0.848,0.3238042729232086,0.1038380332908379,0.016591287765903573,0.0,5.00003807246685e-07,2.2128087090095505,0.005560124991461635,2.2183693340048194,0.0,B,adult,cat_frac,0.0,0,1000,14,0.5714285714285714,0.010071428571428573,0.239
B|adult|cat_frac|0.0|0|CatBoost-tuned,CatBoost-tuned,ok,0.9040125782537859,0.7675291789814136,0.8515,0.3279647240396858,0.10343912014014123,0.032618689032847106,0.0,18.606728709011804,0.04112779098795727,0.003809459012700245,18.651665959012462,0.0,B,adult,cat_frac,0.0,0,1000,14,0.5714285714285714,0.010071428571428573,0.239
B|adult|cat_frac|0.0|0|LogReg,LogReg,ok,0.897829825724478,0.7513203762459719,0.8445,0.3316362047986742,0.10652888554635564,0.023558446864370763,0.0014393749879673123,0.0,0.009746958006871864,0.003913041990017518,0.015099374984856695,0.0,B,adult,cat_frac,0.0,0,1000,14,0.5714285714285714,0.010071428571428573,0.239
B|adult|cat_frac|0.5|0|Kumo,Kumo,ok,0.9122459539996074,0.7895502689172489,0.8555,0.30582830018617163,0.09831424251524505,0.018285764939450014,0.0013237080129329115,0.0,3.29086033400381,5.8497637909895275,9.14194783300627,1.7995559160190169,B,adult,cat_frac,0.5,0,1000,14,0.7857142857142857,0.009071428571428572,0.239
B|adult|cat_frac|0.5|0|TabICLv2,TabICLv2,ok,0.9115335889063205,0.783780161657592,0.855,0.30773429282648473,0.09953812788037615,0.02133540102815641,0.0015454580134246498,0.0,2.869756999978563,4.939677250018576,7.810979708010564,0.049113042012322694,B,adult,cat_frac,0.5,0,1000,14,0.7857142857142857,0.009071428571428572,0.239
B|adult|cat_frac|0.5|0|XGB-default,XGB-default,ok,0.87648701066077,0.7076176250670392,0.829,0.5143461574455399,0.13649105735837538,0.11566383219426665,0.0,4.169996827840805e-07,0.02581849999842234,0.0053114999900572,0.031130416988162324,0.0,B,adult,cat_frac,0.5,0,1000,14,0.7857142857142857,0.009071428571428572,0.239
B|adult|cat_frac|0.5|0|XGB-tuned,XGB-tuned,ok,0.9046714130221437,0.7615131338013285,0.8435,0.3243075547632594,0.10373032878519589,0.026983347269473594,0.0,1.4100837919977494,0.008704165986273438,0.002346167020732537,1.4211341250047553,0.0,B,adult,cat_frac,0.5,0,1000,14,0.7857142857142857,0.009071428571428572,0.239
B|adult|cat_frac|0.5|0|LGBM-default,LGBM-default,ok,0.8854231434928399,0.7301888406902161,0.833,0.3710918087721335,0.11804588847275013,0.06021991533159797,0.0,4.5899651013314724e-07,0.014889749989379197,0.009485791000770405,0.024375999986659735,0.0,B,adult,cat_frac,0.5,0,1000,14,0.7857142857142857,0.009071428571428572,0.239
B|adult|cat_frac|0.5|0|LGBM-tuned,LGBM-tuned,ok,0.9065827201365985,0.7802464239596221,0.8495,0.3173548840064718,0.10144377808819618,0.029413704444593066,0.0,0.8377516249893233,0.008139624987961724,0.0035349999961908907,0.8494262499734759,0.0,B,adult,cat_frac,0.5,0,1000,14,0.7857142857142857,0.009071428571428572,0.239
B|adult|cat_frac|0.5|0|CatBoost-default,CatBoost-default,ok,0.9104561195455687,0.7780433351998366,0.845,0.3135706607541307,0.10143291253398738,0.03367941792159852,0.0,5.00003807246685e-07,3.0303483339957893,0.006389540998497978,3.0367383749980945,0.0,B,adult,cat_frac,0.5,0,1000,14,0.7857142857142857,0.009071428571428572,0.239
B|adult|cat_frac|0.5|0|CatBoost-tuned,CatBoost-tuned,ok,0.9114134888183386,0.7853235954540401,0.8445,0.31136340390628797,0.09987900814436822,0.034158250518046655,0.0,30.422897790995194,0.4049205420014914,0.005493625008966774,30.833311958005652,0.0,B,adult,cat_frac,0.5,0,1000,14,0.7857142857142857,0.009071428571428572,0.239
B|adult|cat_frac|0.5|0|LogReg,LogReg,ok,0.8931575891588738,0.7542370270313905,0.8405,0.33597267956257054,0.10777538888977262,0.0240053770044403,0.001667459000600502,0.0,0.01118879098794423,0.004287874995497987,0.01714412498404272,0.0,B,adult,cat_frac,0.5,0,1000,14,0.7857142857142857,0.009071428571428572,0.239
B|adult|cat_frac|1.0|0|Kumo,Kumo,ok,0.8871779773498096,0.7226070961097362,0.8385,0.3478855812239151,0.11105337331147304,0.021044035510669343,0.0010843749914783984,0.0,3.0553889170114417,5.385611792007694,8.442085084010614,1.7995559160190169,B,adult,cat_frac,1.0,0,1000,14,1.0,0.010428571428571428,0.239
B|adult|cat_frac|1.0|0|TabICLv2,TabICLv2,ok,0.8881772100818192,0.7206806159210637,0.8375,0.35015642284826937,0.11161378431218162,0.030506896513586974,0.0011205420014448464,0.0,2.684811749990331,4.572287082992261,7.258219374984037,0.049113042012322694,B,adult,cat_frac,1.0,0,1000,14,1.0,0.010428571428571428,0.239
B|adult|cat_frac|1.0|0|XGB-default,XGB-default,ok,0.8540221176322026,0.6475779353836564,0.815,0.5764338571706733,0.14891217648932115,0.1194733011242556,0.0,4.1601015254855156e-07,0.02614254198851995,0.004980625002644956,0.031123583001317456,0.0,B,adult,cat_frac,1.0,0,1000,14,1.0,0.010428571428571428,0.239
B|adult|cat_frac|1.0|0|XGB-tuned,XGB-tuned,ok,0.8746326653023297,0.6882447235615202,0.828,0.3662093428364956,0.11698913354113799,0.024703572145197538,0.0,1.1895466669811867,0.009737040993059054,0.0025329170166514814,1.2018166249908973,0.0,B,adult,cat_frac,1.0,0,1000,14,1.0,0.010428571428571428,0.239
B|adult|cat_frac|1.0|0|LGBM-default,LGBM-default,ok,0.8771664340156391,0.6929615350302641,0.8225,0.3666238571319843,0.11759150275210417,0.0366041680536908,0.0,5.00003807246685e-07,0.011508166004205123,0.006610249984078109,0.01811891599209048,0.0,B,adult,cat_frac,1.0,0,1000,14,1.0,0.010428571428571428,0.239
B|adult|cat_frac|1.0|0|LGBM-tuned,LGBM-tuned,ok,0.8781821376168574,0.6936330467893052,0.825,0.3656410696125911,0.11782305282931971,0.036742733587858845,0.0,0.9088883750082459,0.027580708992900327,0.01967249999870546,0.9561415839998517,0.0,B,adult,cat_frac,1.0,0,1000,14,1.0,0.010428571428571428,0.239
B|adult|cat_frac|1.0|0|CatBoost-default,CatBoost-default,ok,0.8837122319537606,0.7127802563815776,0.837,0.3521260159370863,0.11351190513708546,0.020326654807355807,0.0,5.839974619448185e-07,2.9620697500067763,0.006926333007868379,2.9689966670121066,0.0,B,adult,cat_frac,1.0,0,1000,14,1.0,0.010428571428571428,0.239
B|adult|cat_frac|1.0|0|CatBoost-tuned,CatBoost-tuned,ok,0.8799575600603383,0.7048543925800745,0.8295,0.35875936393799135,0.11449199626505424,0.029766582632570662,0.0,30.006432166002924,0.05413054200471379,0.005923749995417893,30.066486458003055,0.0,B,adult,cat_frac,1.0,0,1000,14,1.0,0.010428571428571428,0.239
B|adult|cat_frac|1.0|0|LogReg,LogReg,ok,0.8792692149846479,0.7033219709659708,0.833,0.3641432258690278,0.11551568493920704,0.032143559863942954,0.0018191249982919544,0.0,0.010257249989081174,0.004350792005425319,0.016427166992798448,0.0,B,adult,cat_frac,1.0,0,1000,14,1.0,0.010428571428571428,0.239
B|adult|prevalence|orig|0|Kumo,Kumo,ok,0.9103874909238647,0.7859569886257775,0.856,0.3107673031672842,0.0990114314460591,0.023211198197444907,0.001571665983647108,0.0,3.3746501250134315,5.813801749987761,9.19002354098484,1.7995559160190169,B,adult,prevalence,orig,0,1000,14,0.5714285714285714,0.010071428571428573,0.239
B|adult|prevalence|orig|0|TabICLv2,TabICLv2,ok,0.9042095423980762,0.7679618977141199,0.8515,0.32031457202989455,0.10274610891898299,0.02205843287621973,0.0014056249929126352,0.0,2.878599999996368,4.9430647080007475,7.823070332990028,0.049113042012322694,B,adult,prevalence,orig,0,1000,14,0.5714285714285714,0.010071428571428573,0.239
B|adult|prevalence|orig|0|XGB-default,XGB-default,ok,0.8824432887384549,0.7277087688179671,0.8335,0.44914728057045455,0.12752132819535011,0.0929527786382282,0.0,5.420006345957518e-07,0.024030332977417856,0.004415875009726733,0.028446749987779185,0.0,B,adult,prevalence,orig,0,1000,14,0.5714285714285714,0.010071428571428573,0.239
B|adult|prevalence|orig|0|XGB-tuned,XGB-tuned,ok,0.9049699475265558,0.7735489419582515,0.8515,0.3204673061255912,0.10187488119486059,0.02788956498983317,0.0,1.237722958001541,0.007513208984164521,0.0020169999916106462,1.2472531669773161,0.0,B,adult,prevalence,orig,0,1000,14,0.5714285714285714,0.010071428571428573,0.239
B|adult|prevalence|orig|0|LGBM-default,LGBM-default,ok,0.8868808154178316,0.738996887473776,0.833,0.40587025930118653,0.1217736113716859,0.08286158504236465,0.0,4.580069798976183e-07,0.017342500010272488,0.012914083985378966,0.03025704200263135,0.0,B,adult,prevalence,orig,0,1000,14,0.5714285714285714,0.010071428571428573,0.239
B|adult|prevalence|orig|0|LGBM-tuned,LGBM-tuned,ok,0.9019139150020795,0.7629102785706319,0.8495,0.32709320250926155,0.10454541937325298,0.029264955632937076,0.0,0.695231124991551,0.013302500010468066,0.006011458986904472,0.7145450839889236,0.0,B,adult,prevalence,orig,0,1000,14,0.5714285714285714,0.010071428571428573,0.239
B|adult|prevalence|orig|0|CatBoost-default,CatBoost-default,ok,0.9020189167932864,0.7638409580001391,0.848,0.3238042729232086,0.1038380332908379,0.016591287765903573,0.0,5.420006345957518e-07,2.299726166005712,0.00649341699318029,2.306220124999527,0.0,B,adult,prevalence,orig,0,1000,14,0.5714285714285714,0.010071428571428573,0.239
B|adult|prevalence|orig|0|CatBoost-tuned,CatBoost-tuned,ok,0.9040125782537859,0.7675291789814136,0.8515,0.3279647240396858,0.10343912014014123,0.032618689032847106,0.0,18.876598792005097,0.04064595798263326,0.0037905000208411366,18.921035250008572,0.0,B,adult,prevalence,orig,0,1000,14,0.5714285714285714,0.010071428571428573,0.239
B|adult|prevalence|orig|0|LogReg,LogReg,ok,0.897829825724478,0.7513203762459719,0.8445,0.3316362047986742,0.10652888554635564,0.023558446864370763,0.001435459009371698,0.0,0.009354832989629358,0.003521917009493336,0.014312209008494392,0.0,B,adult,prevalence,orig,0,1000,14,0.5714285714285714,0.010071428571428573,0.239
B|adult|prevalence|0.1|0|Kumo,Kumo,ok,0.9002055555555555,0.6165918430216729,0.928,0.19838434296224383,0.057915244115614016,0.013874922009083092,0.001285375008592382,0.0,3.260974917007843,5.768769915972371,9.031030207988806,1.7995559160190169,B,adult,prevalence,0.1,0,1000,14,0.5714285714285714,0.009071428571428572,0.1
B|adult|prevalence|0.1|0|TabICLv2,TabICLv2,ok,0.8909305555555557,0.5602166874629162,0.9195,0.21320042235398826,0.06319549789491788,0.018243707362424175,0.0014005000120960176,0.0,2.840599208982894,4.860589290998178,7.702588999993168,0.049113042012322694,B,adult,prevalence,0.1,0,1000,14,0.5714285714285714,0.009071428571428572,0.1
B|adult|prevalence|0.1|0|XGB-default,XGB-default,ok,0.871461111111111,0.5170261503038227,0.9145,0.2963907345945985,0.07172825814543493,0.056527558279959526,0.0,5.420006345957518e-07,0.022682333015836775,0.005096791981486604,0.027779666997957975,0.0,B,adult,prevalence,0.1,0,1000,14,0.5714285714285714,0.009071428571428572,0.1
B|adult|prevalence|0.1|0|XGB-tuned,XGB-tuned,ok,0.8913472222222223,0.5790212930048202,0.9225,0.21073024356888564,0.061199218586030016,0.020036503860959787,0.0,1.1538444999896456,0.00569712501601316,0.0018310000014025718,1.1613726250070613,0.0,B,adult,prevalence,0.1,0,1000,14,0.5714285714285714,0.009071428571428572,0.1
B|adult|prevalence|0.1|0|LGBM-default,LGBM-default,ok,0.8753416666666668,0.551603289058347,0.9125,0.29552903210267956,0.07067275023165007,0.059936518524879225,0.0,4.5899651013314724e-07,0.017358250013785437,0.012453582981834188,0.029812291992129758,0.0,B,adult,prevalence,0.1,0,1000,14,0.5714285714285714,0.009071428571428572,0.1
B|adult|prevalence|0.1|0|LGBM-tuned,LGBM-tuned,ok,0.8934194444444445,0.5775361313123268,0.92,0.21179050122404494,0.061860125070607126,0.018239537118873196,0.0,0.5445124160032719,0.005143458984093741,0.002261290996102616,0.5519171659834683,0.0,B,adult,prevalence,0.1,0,1000,14,0.5714285714285714,0.009071428571428572,0.1
B|adult|prevalence|0.1|0|CatBoost-default,CatBoost-default,ok,0.8871944444444444,0.5766503033850593,0.9235,0.21100660352642495,0.06157786155599759,0.02136298881029603,0.0,5.420006345957518e-07,2.2643552920199,0.005274124996503815,2.2696299590170383,0.0,B,adult,prevalence,0.1,0,1000,14,0.5714285714285714,0.009071428571428572,0.1
B|adult|prevalence|0.1|0|CatBoost-tuned,CatBoost-tuned,ok,0.8806833333333333,0.5724179526833619,0.9175,0.22636891741729367,0.06564859417975269,0.02718887096997357,0.0,14.993593958002748,0.09680716699222103,0.004153082991251722,15.09455420798622,0.0,B,adult,prevalence,0.1,0,1000,14,0.5714285714285714,0.009071428571428572,0.1
B|adult|prevalence|0.1|0|LogReg,LogReg,ok,0.8746972222222222,0.5437886503585002,0.9205,0.22492936328601978,0.06432550353060242,0.019327328799006473,0.0016398750012740493,0.0,0.008916999999200925,0.0038550409954041243,0.014411915995879099,0.0,B,adult,prevalence,0.1,0,1000,14,0.5714285714285714,0.009071428571428572,0.1
B|adult|prevalence|0.03|0|Kumo,Kumo,ok,0.883659793814433,0.3694441339265099,0.9715,0.09484290620090391,0.023324750372635362,0.009192365235619945,0.0015054590185172856,0.0,3.334669625008246,5.83315287498408,9.169327959010843,1.7995559160190169,B,adult,prevalence,0.03,0,1000,14,0.5714285714285714,0.010357142857142856,0.03
B|adult|prevalence|0.03|0|TabICLv2,TabICLv2,ok,0.8793728522336771,0.28536984649536384,0.9695,0.09965628219101451,0.024793674849246397,0.010158423069005947,0.0013462499773595482,0.0,2.9158908750105184,4.906725875014672,7.82396300000255,0.049113042012322694,B,adult,prevalence,0.03,0,1000,14,0.5714285714285714,0.010357142857142856,0.03
B|adult|prevalence|0.03|0|XGB-default,XGB-default,ok,0.8345189003436426,0.21321515885504938,0.9645,0.14911835560568404,0.029627769492470958,0.025738611895962098,0.0,3.7500285543501377e-07,0.014135541016003117,0.0031235420028679073,0.01725945802172646,0.0,B,adult,prevalence,0.03,0,1000,14,0.5714285714285714,0.010357142857142856,0.03
B|adult|prevalence|0.03|0|XGB-tuned,XGB-tuned,ok,0.8573539518900343,0.2916257088962257,0.97,0.10163075365052422,0.02491436938281967,0.005868235481204464,0.0,0.9368670840049163,0.005014750000555068,0.0016134159814100713,0.9434952499868814,0.0,B,adult,prevalence,0.03,0,1000,14,0.5714285714285714,0.010357142857142856,0.03
B|adult|prevalence|0.03|0|LGBM-default,LGBM-default,ok,0.8526331615120275,0.2735844333304418,0.9675,0.18359964334746248,0.029844743766098147,0.029713400381627134,0.0,5.00003807246685e-07,0.01692525000544265,0.012491708010202274,0.02941745801945217,0.0,B,adult,prevalence,0.03,0,1000,14,0.5714285714285714,0.010357142857142856,0.03
B|adult|prevalence|0.03|0|LGBM-tuned,LGBM-tuned,ok,0.8514905498281787,0.2754063504964769,0.9705,0.10714535189106139,0.02594328435839306,0.010739316002174579,0.0,0.4619212909892667,0.007655208988580853,0.0030377500224858522,0.4726142500003334,0.0,B,adult,prevalence,0.03,0,1000,14,0.5714285714285714,0.010357142857142856,0.03
B|adult|prevalence|0.03|0|CatBoost-default,CatBoost-default,ok,0.8852491408934708,0.37280057645827025,0.9735,0.09470648974921624,0.023137749977588225,0.009854997566143147,0.0,5.420006345957518e-07,2.1856948750209995,0.004931457981001586,2.1906268750026356,0.0,B,adult,prevalence,0.03,0,1000,14,0.5714285714285714,0.010357142857142856,0.03
B|adult|prevalence|0.03|0|CatBoost-tuned,CatBoost-tuned,ok,0.8751718213058418,0.3783872499549387,0.9725,0.09645657536741299,0.023479011169243783,0.008845107133598124,0.0,17.143553709000116,1.1313554579974152,0.004116416996112093,18.279025583993644,0.0,B,adult,prevalence,0.03,0,1000,14,0.5714285714285714,0.010357142857142856,0.03
B|adult|prevalence|0.03|0|LogReg,LogReg,ok,0.8812542955326461,0.3116979523431627,0.97,0.10175070236911495,0.02444376213292159,0.011243025194994252,0.0014584590098820627,0.0,0.00899716597632505,0.003709292010171339,0.014164916996378452,0.0,B,adult,prevalence,0.03,0,1000,14,0.5714285714285714,0.010357142857142856,0.03
B|phoneme|size|100|0|Kumo,Kumo,ok,0.8547425885938673,0.6629390098170165,0.783,0.44010445314130203,0.14565403790558862,0.06960125229193365,0.0005296669842209667,0.0,0.21338512501097284,2.6517839999869466,2.8656987919821404,1.7995559160190169,B,phoneme,size,100,0,100,5,0.0,0.0,0.29
B|phoneme|size|100|0|TabICLv2,TabICLv2,ok,0.8513667803590654,0.6699745950795347,0.7925,0.45049653644572585,0.14673230610102164,0.0720719222240805,0.0004707499756477773,0.0,0.20037733399658464,2.3388017910183407,2.539649874990573,0.049113042012322694,B,phoneme,size,100,0,100,5,0.0,0.0,0.29
B|phoneme|size|100|0|XGB-default,XGB-default,ok,0.8469559252065573,0.6899279115546584,0.794,0.49710948498589164,0.15122765478304823,0.09489577007066693,0.0,4.1702878661453724e-07,0.0049279999802820385,0.0009514580015093088,0.005879875010577962,0.0,B,phoneme,size,100,0,100,5,0.0,0.0,0.29
B|phoneme|size|100|0|XGB-tuned,XGB-tuned,ok,0.8483454319889178,0.6661465521096855,0.776,0.44604319164422396,0.14800922810077544,0.06142106552980838,0.0,0.23246504101553,0.004129833978367969,0.000888625014340505,0.23748350000823848,0.0,B,phoneme,size,100,0,100,5,0.0,0.0,0.29
B|phoneme|size|100|0|LGBM-default,LGBM-default,ok,0.8519153491972209,0.6711213044921424,0.7825,0.4379693505720995,0.14416940033193065,0.054491827172062086,0.0,4.1601015254855156e-07,0.0026520419924054295,0.001844957994762808,0.004497415997320786,0.0,B,phoneme,size,100,0,100,5,0.0,0.0,0.29
B|phoneme|size|100|0|LGBM-tuned,LGBM-tuned,ok,0.8380118418530293,0.6491790023024984,0.784,0.46488007378833146,0.15325368589184024,0.07210747779040606,0.0,0.10060029200394638,0.003401416994165629,0.0020573750080075115,0.10605908400611952,0.0,B,phoneme,size,100,0,100,5,0.0,0.0,0.29
B|phoneme|size|100|0|CatBoost-default,CatBoost-default,ok,0.8701507418941418,0.6869120215634105,0.794,0.40745393639588046,0.13459482149113408,0.04402900940416649,0.0,4.580069798976183e-07,0.30842662500799634,0.0011725829972419888,0.3095996660122182,0.0,B,phoneme,size,100,0,100,5,0.0,0.0,0.29
B|phoneme|size|100|0|CatBoost-tuned,CatBoost-tuned,ok,0.8599455530357558,0.6774375348382818,0.794,0.4652728564956949,0.1489726381456123,0.10046888319059219,0.0,2.3185035419883206,0.09718120802426711,0.0006447079940699041,2.4163294580066577,0.0,B,phoneme,size,100,0,100,5,0.0,0.0,0.29
B|phoneme|size|100|0|LogReg,LogReg,ok,0.7932992617830777,0.5202513021496962,0.704,0.4984883961911982,0.16737114628019342,0.08149330659715547,0.000819125009002164,0.0,0.002881666994653642,0.0009746249997988343,0.0046754170034546405,0.0,B,phoneme,size,100,0,100,5,0.0,0.0,0.29
B|phoneme|size|300|0|Kumo,Kumo,ok,0.907024212984564,0.7764231559454853,0.831,0.3456331376365251,0.11345962865118749,0.029560260094905966,0.0005673750129062682,0.0,0.5050605419964995,3.057685208012117,3.563313125021523,1.7995559160190169,B,phoneme,size,300,0,300,5,0.0,0.0,0.29333333333333333
B|phoneme|size|300|0|TabICLv2,TabICLv2,ok,0.9033903965489594,0.7697448978230952,0.8275,0.35425954303487467,0.11651768495557652,0.03296133817493683,0.0004809160018339753,0.0,0.4757065839949064,2.6435020829958376,3.119689582992578,0.049113042012322694,B,phoneme,size,300,0,300,5,0.0,0.0,0.29333333333333333
B|phoneme|size|300|0|XGB-default,XGB-default,ok,0.8949050614216252,0.7476275602901775,0.8245,0.4922257263345763,0.1363631024803822,0.10243775164058752,0.0,3.7500285543501377e-07,0.009981291979784146,0.0012286670098546892,0.01121033399249427,0.0,B,phoneme,size,300,0,300,5,0.0,0.0,0.29333333333333333
B|phoneme|size|300|0|XGB-tuned,XGB-tuned,ok,0.884227862233266,0.7272590068091085,0.8165,0.39700918655721523,0.12882443965749563,0.060558234997093695,0.0,0.49917220798670314,0.005193416989641264,0.00066020802478306,0.5050258330011275,0.0,B,phoneme,size,300,0,300,5,0.0,0.0,0.29333333333333333
B|phoneme|size|300|0|LGBM-default,LGBM-default,ok,0.8949792086382111,0.7417626122658092,0.8125,0.463018815305071,0.13651899929823946,0.10568159652835493,0.0,5.410111043602228e-07,0.006612833996769041,0.006220000010216609,0.01283337501809001,0.0,B,phoneme,size,300,0,300,5,0.0,0.0,0.29333333333333333
B|phoneme|size|300|0|LGBM-tuned,LGBM-tuned,ok,0.8801732754141092,0.7210188511830957,0.798,0.3920719216099232,0.12943274101949007,0.050072636704759914,0.0,0.20550554199144244,0.002942125021945685,0.0018653330043889582,0.21031300001777709,0.0,B,phoneme,size,300,0,300,5,0.0,0.0,0.29333333333333333
B|phoneme|size|300|0|CatBoost-default,CatBoost-default,ok,0.8995190678911206,0.7545288201052026,0.8155,0.37255483827414565,0.12310380723996503,0.058250319651622015,0.0,4.5899651013314724e-07,0.6424774999904912,0.0009426250180695206,0.6434205840050709,0.0,B,phoneme,size,300,0,300,5,0.0,0.0,0.29333333333333333
B|phoneme|size|300|0|CatBoost-tuned,CatBoost-tuned,ok,0.87101579275431,0.7105711301029466,0.7985,0.4331859149541356,0.13865208430737316,0.081979844475802,0.0,3.7011130420141853,0.06075220799539238,0.0005984170129522681,3.76246366702253,0.0,B,phoneme,size,300,0,300,5,0.0,0.0,0.29333333333333333
B|phoneme|size|300|0|LogReg,LogReg,ok,0.810284399787324,0.5557495589809668,0.7775,0.47583073979980806,0.15864823387401517,0.05504167166243935,0.0006611249991692603,0.0,0.002449999999953434,0.0008532079809810966,0.003964332980103791,0.0,B,phoneme,size,300,0,300,5,0.0,0.0,0.29333333333333333
B|phoneme|size|1000|0|Kumo,Kumo,ok,0.9399708957104328,0.8588001972283493,0.879,0.284001093483533,0.08912335843153184,0.03649625554900558,0.00058166598319076,0.0,2.019074542011367,3.659694292000495,5.679350499995053,1.7995559160190169,B,phoneme,size,1000,0,1000,5,0.0,0.0,0.293
B|phoneme|size|1000|0|TabICLv2,TabICLv2,ok,0.9356968813560139,0.8536812294890498,0.8695,0.29352996666749503,0.09243677734855521,0.02289343722678314,0.0006061249878257513,0.0,1.8994877499935683,3.3903164170042146,5.290410291985609,0.049113042012322694,B,phoneme,size,1000,0,1000,5,0.0,0.0,0.293
B|phoneme|size|1000|0|XGB-default,XGB-default,ok,0.9223274751004001,0.8049454017236393,0.8485,0.38115608870915774,0.11012528413098087,0.07621709033282058,0.0,3.3300602808594704e-07,0.01840229198569432,0.0015521250024903566,0.01995474999421276,0.0,B,phoneme,size,1000,0,1000,5,0.0,0.0,0.293
B|phoneme|size|1000|0|XGB-tuned,XGB-tuned,ok,0.9228989512087202,0.8005692514254171,0.855,0.3227138346294631,0.10150177316409671,0.024108995389309714,0.0,1.1301290420233272,0.022507165995193645,0.0024636669841129333,1.1550998750026338,0.0,B,phoneme,size,1000,0,1000,5,0.0,0.0,0.293
B|phoneme|size|1000|0|LGBM-default,LGBM-default,ok,0.9200433791358172,0.7989756941242939,0.8575,0.36980611396326246,0.10794589588220597,0.0612923363967432,0.0,3.7500285543501377e-07,0.02056679199449718,0.012609458004590124,0.03317662500194274,0.0,B,phoneme,size,1000,0,1000,5,0.0,0.0,0.293
B|phoneme|size|1000|0|LGBM-tuned,LGBM-tuned,ok,0.9191970157855205,0.8077164497954098,0.8475,0.3281491093550728,0.10482111511199729,0.031044521989660526,0.0,1.0526801670202985,0.017980582983000204,0.005942542018601671,1.0766032920219004,0.0,B,phoneme,size,1000,0,1000,5,0.0,0.0,0.293
B|phoneme|size|1000|0|CatBoost-default,CatBoost-default,ok,0.926894461383768,0.8206712860864361,0.867,0.31209907703432627,0.09808754216988252,0.029288513811340938,0.0,4.5899651013314724e-07,0.7142230409954209,0.0011470419995021075,0.7153705419914331,0.0,B,phoneme,size,1000,0,1000,5,0.0,0.0,0.293
B|phoneme|size|1000|0|CatBoost-tuned,CatBoost-tuned,ok,0.9254898840289306,0.8163449559117386,0.8605,0.3149458775427277,0.09908889125952802,0.03057015763412419,0.0,11.159526249975897,1.2780241660075262,0.0008015840139705688,12.438351999997394,0.0,B,phoneme,size,1000,0,1000,5,0.0,0.0,0.293
B|phoneme|size|1000|0|LogReg,LogReg,ok,0.7959468599558011,0.5588816910554133,0.729,0.4854494119637629,0.1639800050392569,0.06286742229363473,0.0006390000053215772,0.0,0.0028364169993437827,0.0010272079962305725,0.004502625000895932,0.0,B,phoneme,size,1000,0,1000,5,0.0,0.0,0.293
B|phoneme|size|3000|0|Kumo,Kumo,ok,0.9727379372123781,0.9425565339548435,0.919,0.19136112333104646,0.05728231996373465,0.02446841246506301,0.0008220830059144646,0.0,9.83333270798903,6.264606167009333,16.098760958004277,1.7995559160190169,B,phoneme,size,3000,0,3000,5,0.0,0.0,0.29333333333333333
B|phoneme|size|3000|0|TabICLv2,TabICLv2,ok,0.9696707743019009,0.9359936191160576,0.917,0.20284443367298063,0.061115776488585474,0.01730388674557071,0.0007960420043673366,0.0,9.065777790994616,6.2307843749877065,15.29735820798669,0.049113042012322694,B,phoneme,size,3000,0,3000,5,0.0,0.0,0.29333333333333333
B|phoneme|size|3000|0|XGB-default,XGB-default,ok,0.9444908618076729,0.874075645451355,0.8905,0.29181043468957646,0.08436592235094219,0.03880366372535718,0.0,5.829788278788328e-07,0.026188667019596323,0.001495665987022221,0.027684915985446423,0.0,B,phoneme,size,3000,0,3000,5,0.0,0.0,0.29333333333333333
B|phoneme|size|3000|0|XGB-tuned,XGB-tuned,ok,0.9410861180737157,0.8715961619983649,0.8755,0.28257912825760995,0.08674173413923382,0.025185293725662628,0.0,0.9620511670073029,0.03518962499219924,0.00215087499236688,0.999391666991869,0.0,B,phoneme,size,3000,0,3000,5,0.0,0.0,0.29333333333333333
B|phoneme|size|3000|0|LGBM-default,LGBM-default,ok,0.9417793644076482,0.8659888285661888,0.884,0.2848973994968047,0.08744425778735826,0.02837388892728041,0.0,4.5899651013314724e-07,0.025990333000663668,0.009403667005244642,0.035394459002418444,0.0,B,phoneme,size,3000,0,3000,5,0.0,0.0,0.29333333333333333
B|phoneme|size|3000|0|LGBM-tuned,LGBM-tuned,ok,0.943751800933411,0.8796237383094831,0.886,0.27519354206760616,0.08429355648819929,0.024118497168544896,0.0,1.805967459018575,0.05788824998307973,0.0168194159923587,1.8806751249940135,0.0,B,phoneme,size,3000,0,3000,5,0.0,0.0,0.29333333333333333
B|phoneme|size|3000|0|CatBoost-default,CatBoost-default,ok,0.9413718561278757,0.8721742113823615,0.8895,0.2777398102885477,0.08508107486390477,0.02394385208563288,0.0,5.00003807246685e-07,0.9931790419796016,0.0012105420173611492,0.99439008400077,0.0,B,phoneme,size,3000,0,3000,5,0.0,0.0,0.29333333333333333
B|phoneme|size|3000|0|CatBoost-tuned,CatBoost-tuned,ok,0.942214602540778,0.8716833023645767,0.8845,0.27746336780600395,0.08492060089004565,0.017968257369419635,0.0,9.711161874991376,0.4619597499840893,0.0006781670090276748,10.173799791984493,0.0,B,phoneme,size,3000,0,3000,5,0.0,0.0,0.29333333333333333
B|phoneme|size|3000|0|LogReg,LogReg,ok,0.8103470933688275,0.5874792166353434,0.753,0.4728554753282909,0.15813491772094765,0.06367596337539616,0.0008445410057902336,0.0,0.004441458993824199,0.0009773749916348606,0.006263374991249293,0.0,B,phoneme,size,3000,0,3000,5,0.0,0.0,0.29333333333333333
B|phoneme|missing|0.0|0|Kumo,Kumo,ok,0.9399708957104328,0.8588001972283493,0.879,0.284001093483533,0.08912335843153184,0.03649625554900558,0.0007450830016750842,0.0,2.1342714589845855,3.8649865410116035,6.000003082997864,1.7995559160190169,B,phoneme,missing,0.0,0,1000,5,0.0,0.0,0.293
B|phoneme|missing|0.0|0|TabICLv2,TabICLv2,ok,0.9356968813560139,0.8536812294890498,0.8695,0.29352996666749503,0.09243677734855521,0.02289343722678314,0.0005844999977853149,0.0,1.9525027500058059,3.58441650000168,5.537503750005271,0.049113042012322694,B,phoneme,missing,0.0,0,1000,5,0.0,0.0,0.293
B|phoneme|missing|0.0|0|XGB-default,XGB-default,ok,0.9223274751004001,0.8049454017236393,0.8485,0.38115608870915774,0.11012528413098087,0.07621709033282058,0.0,1.916982000693679e-06,0.01946245800354518,0.0018285000114701688,0.021292874997016042,0.0,B,phoneme,missing,0.0,0,1000,5,0.0,0.0,0.293
B|phoneme|missing|0.0|0|XGB-tuned,XGB-tuned,ok,0.9228989512087202,0.8005692514254171,0.855,0.3227138346294631,0.10150177316409671,0.024108995389309714,0.0,1.195776125008706,0.02443058299832046,0.002837999985786155,1.2230447079928126,0.0,B,phoneme,missing,0.0,0,1000,5,0.0,0.0,0.293
B|phoneme|missing|0.0|0|LGBM-default,LGBM-default,ok,0.9200433791358172,0.7989756941242939,0.8575,0.36980611396326246,0.10794589588220597,0.0612923363967432,0.0,3.7500285543501377e-07,0.02115000001504086,0.013706375000765547,0.03485675001866184,0.0,B,phoneme,missing,0.0,0,1000,5,0.0,0.0,0.293
B|phoneme|missing|0.0|0|LGBM-tuned,LGBM-tuned,ok,0.9191970157855205,0.8077164497954098,0.8475,0.3281491093550728,0.10482111511199729,0.031044521989660526,0.0,1.0932355000113603,0.019248833996243775,0.006619833002332598,1.1191041670099366,0.0,B,phoneme,missing,0.0,0,1000,5,0.0,0.0,0.293
B|phoneme|missing|0.0|0|CatBoost-default,CatBoost-default,ok,0.926894461383768,0.8206712860864361,0.867,0.31209907703432627,0.09808754216988252,0.029288513811340938,0.0,7.079797796905041e-07,0.7549325000145473,0.0011334169830661267,0.7560666249773931,0.0,B,phoneme,missing,0.0,0,1000,5,0.0,0.0,0.293
B|phoneme|missing|0.0|0|CatBoost-tuned,CatBoost-tuned,ok,0.9254898840289306,0.8163449559117386,0.8605,0.3149458775427277,0.09908889125952802,0.03057015763412419,0.0,11.76524341700133,1.3099615829996765,0.0008660420135129243,13.076071042014519,0.0,B,phoneme,missing,0.0,0,1000,5,0.0,0.0,0.293
B|phoneme|missing|0.0|0|LogReg,LogReg,ok,0.7959468599558011,0.5588816910554133,0.729,0.4854494119637629,0.1639800050392569,0.06286742229363473,0.0007142079994082451,0.0,0.0028545829991344362,0.0008633749966975302,0.0044321659952402115,0.0,B,phoneme,missing,0.0,0,1000,5,0.0,0.0,0.293
B|phoneme|missing|0.1|0|Kumo,Kumo,ok,0.9170081658389908,0.8262276868577548,0.848,0.3309944813148849,0.1051980141746867,0.025939097601636596,0.0007040000054985285,0.0,2.131608083000174,3.8097296670021024,5.942041750007775,1.7995559160190169,B,phoneme,missing,0.1,0,1000,5,0.0,0.1012,0.293
B|phoneme|missing|0.1|0|TabICLv2,TabICLv2,ok,0.8989186562836451,0.7874459472164328,0.827,0.36197411726413076,0.11597322075084543,0.030215137019022224,0.0007135829946491867,0.0,1.8946484999905806,3.5015525830094703,5.3969146659947,0.049113042012322694,B,phoneme,missing,0.1,0,1000,5,0.0,0.1012,0.293
B|phoneme|missing|0.1|0|XGB-default,XGB-default,ok,0.8828775389393452,0.7520617617493365,0.8105,0.4889605749295472,0.1417147192862976,0.10364373264900952,0.0,4.169996827840805e-07,0.03193945798557252,0.0028907920059282333,0.034830666991183534,0.0,B,phoneme,missing,0.1,0,1000,5,0.0,0.1012,0.293
B|phoneme|missing|0.1|0|XGB-tuned,XGB-tuned,ok,0.884690830219753,0.7604849887961621,0.8125,0.3809431451082405,0.12368468213155817,0.025490765959839342,0.0,1.539542957994854,0.02121712500229478,0.0024293749884236604,1.5631894579855725,0.0,B,phoneme,missing,0.1,0,1000,5,0.0,0.1012,0.293
B|phoneme|missing|0.1|0|LGBM-default,LGBM-default,ok,0.8857300968977528,0.7604033920291858,0.8095,0.44925756309933784,0.13504746588027275,0.09291893878153026,0.0,4.580069798976183e-07,0.028000791993690655,0.013004375010496005,0.04100562501116656,0.0,B,phoneme,missing,0.1,0,1000,5,0.0,0.1012,0.293
B|phoneme|missing|0.1|0|LGBM-tuned,LGBM-tuned,ok,0.8771223887219068,0.7524195225207941,0.8025,0.39160567529324936,0.12730629638562033,0.030614554731983955,0.0,1.0538253340055235,0.019204582989914343,0.00597566700889729,1.079005584004335,0.0,B,phoneme,missing,0.1,0,1000,5,0.0,0.1012,0.293
B|phoneme|missing|0.1|0|CatBoost-default,CatBoost-default,ok,0.8918933582178626,0.7831980673352386,0.83,0.3698387111927954,0.118610501388654,0.03131175604963626,0.0,7.080088835209608e-07,0.7193759999936447,0.001013041997794062,0.7203897500003222,0.0,B,phoneme,missing,0.1,0,1000,5,0.0,0.1012,0.293
B|phoneme|missing|0.1|0|CatBoost-tuned,CatBoost-tuned,ok,0.8691313683718115,0.7357641694287012,0.797,0.4048174869777745,0.13095662159615654,0.035623328916129786,0.0,7.468413458002033,0.03865395800676197,0.0006063340115360916,7.507673750020331,0.0,B,phoneme,missing,0.1,0,1000,5,0.0,0.1012,0.293
B|phoneme|missing|0.1|0|LogReg,LogReg,ok,0.7960565737234321,0.5696794793712162,0.737,0.4896827258208713,0.16393032484872025,0.044654903695804715,0.0006457080016843975,0.0,0.0031970829877536744,0.0010299170098733157,0.0048727079993113875,0.0,B,phoneme,missing,0.1,0,1000,5,0.0,0.1012,0.293
B|phoneme|missing|0.3|0|Kumo,Kumo,ok,0.8900842866977483,0.7581735891449721,0.8135,0.37082179190024267,0.12155849263707406,0.024854638846998563,0.0006021249864716083,0.0,2.0900899170082994,3.8884630409884267,5.979155082983198,1.7995559160190169,B,phoneme,missing,0.3,0,1000,5,0.0,0.29800000000000004,0.293
B|phoneme|missing|0.3|0|TabICLv2,TabICLv2,ok,0.8702839657548368,0.7312196935228703,0.798,0.39847554258070045,0.13154746594866493,0.01772910817174124,0.0006610829732380807,0.0,1.8881785420235246,3.4284462920040824,5.317285917000845,0.049113042012322694,B,phoneme,missing,0.3,0,1000,5,0.0,0.29800000000000004,0.293
B|phoneme|missing|0.3|0|XGB-default,XGB-default,ok,0.8510882761796943,0.6929279168654378,0.786,0.5262403264991874,0.1557381843197474,0.11208258724190136,0.0,4.169996827840805e-07,0.03232129197567701,0.004380458005471155,0.03670216698083095,0.0,B,phoneme,missing,0.3,0,1000,5,0.0,0.29800000000000004,0.293
B|phoneme|missing|0.3|0|XGB-tuned,XGB-tuned,ok,0.8625388971475625,0.7096784882923923,0.7985,0.4132547587174174,0.13606420760254986,0.028381829519756128,0.0,1.4486916250025388,0.01896674997988157,0.0026237080164719373,1.4702820829988923,0.0,B,phoneme,missing,0.3,0,1000,5,0.0,0.29800000000000004,0.293
B|phoneme|missing|0.3|0|LGBM-default,LGBM-default,ok,0.8561556054692916,0.7037362353289252,0.7925,0.486897793959348,0.14993304295844914,0.09961902455517212,0.0,4.580069798976183e-07,0.02776204198016785,0.016416833008406684,0.04417933299555443,0.0,B,phoneme,missing,0.3,0,1000,5,0.0,0.29800000000000004,0.293
B|phoneme|missing|0.3|0|LGBM-tuned,LGBM-tuned,ok,0.8688082552979088,0.7279597869322437,0.811,0.4027883488754686,0.131662873106138,0.022924657904464282,0.0,1.0357705419883132,0.024342792021343485,0.011522999993758276,1.071636334003415,0.0,B,phoneme,missing,0.3,0,1000,5,0.0,0.29800000000000004,0.293
B|phoneme|missing|0.3|0|CatBoost-default,CatBoost-default,ok,0.86419666012001,0.7284941696997166,0.8035,0.4088874049974555,0.1330926808087448,0.02375603069167405,0.0,6.249756552278996e-07,0.7314095830079168,0.0010654999932739884,0.732475707976846,0.0,B,phoneme,missing,0.3,0,1000,5,0.0,0.29800000000000004,0.293
B|phoneme|missing|0.3|0|CatBoost-tuned,CatBoost-tuned,ok,0.8598406618513174,0.7256037969158645,0.799,0.4222567627095138,0.1365366630480664,0.03950805383684304,0.0,8.147274374990957,0.12307820800924674,0.0007396669825538993,8.271092249982757,0.0,B,phoneme,missing,0.3,0,1000,5,0.0,0.29800000000000004,0.293
B|phoneme|missing|0.3|0|LogReg,LogReg,ok,0.7813748220165391,0.5440947641870421,0.7545,0.502051834595453,0.16755937664774742,0.04114301739441228,0.0006583330105058849,0.0,0.0031829999934416264,0.0010307090124115348,0.004872042016359046,0.0,B,phoneme,missing,0.3,0,1000,5,0.0,0.29800000000000004,0.293
B|phoneme|missing|0.5|0|Kumo,Kumo,ok,0.8395840039738085,0.6681193568439655,0.78,0.4342049043119464,0.14595735371159702,0.02893425558693708,0.0006205000099726021,0.0,2.1828102500003297,3.8785639999841806,6.061994749994483,1.7995559160190169,B,phoneme,missing,0.5,0,1000,5,0.0,0.49559999999999993,0.293
B|phoneme|missing|0.5|0|TabICLv2,TabICLv2,ok,0.8268138036798721,0.6386600906876845,0.7645,0.45017959568968796,0.15129861851751575,0.024003969839832277,0.0006352920026984066,0.0,1.8660054170177318,3.4261609579843935,5.292801667004824,0.049113042012322694,B,phoneme,missing,0.5,0,1000,5,0.0,0.49559999999999993,0.293
B|phoneme|missing|0.5|0|XGB-default,XGB-default,ok,0.790396066701148,0.5869096039362816,0.7385,0.5800520317907362,0.18236351534455925,0.12184309694287734,0.0,4.169996827840805e-07,0.029618666012538597,0.00479470900609158,0.03441379201831296,0.0,B,phoneme,missing,0.5,0,1000,5,0.0,0.49559999999999993,0.293
B|phoneme|missing|0.5|0|XGB-tuned,XGB-tuned,ok,0.8123002395618202,0.6330431820144466,0.7715,0.4685463526584204,0.15481440979456015,0.040811963200569144,0.0,1.3433817500190344,0.015745457989396527,0.004500625014770776,1.3636278330232017,0.0,B,phoneme,missing,0.5,0,1000,5,0.0,0.49559999999999993,0.293
B|phoneme|missing|0.5|0|LGBM-default,LGBM-default,ok,0.7910278250993754,0.5908391218898876,0.741,0.5533065075130071,0.17774461608305744,0.10984365184731776,0.0,4.169996827840805e-07,0.02416270799585618,0.01683033400331624,0.0409934589988552,0.0,B,phoneme,missing,0.5,0,1000,5,0.0,0.49559999999999993,0.293
B|phoneme|missing|0.5|0|LGBM-tuned,LGBM-tuned,ok,0.80987146610146,0.6280459629586727,0.7615,0.4683050403649239,0.1562737870899729,0.024816554984165504,0.0,0.7032580000231974,0.004673207993619144,0.0024362079857382923,0.7103674160025548,0.0,B,phoneme,missing,0.5,0,1000,5,0.0,0.49559999999999993,0.293
B|phoneme|missing|0.5|0|CatBoost-default,CatBoost-default,ok,0.8103573413581118,0.6215581112458471,0.7585,0.4693552691183786,0.15706233288772822,0.03502454385952456,0.0,5.00003807246685e-07,0.7432650839909911,0.0014804160164203495,0.7447460000112187,0.0,B,phoneme,missing,0.5,0,1000,5,0.0,0.49559999999999993,0.293
B|phoneme|missing|0.5|0|CatBoost-tuned,CatBoost-tuned,ok,0.8215421174274894,0.6458497015419611,0.7665,0.4692858887490117,0.15517835107563058,0.05148898841793358,0.0,5.646104541985551,0.21254258300177753,0.0007287500193342566,5.859375875006663,0.0,B,phoneme,missing,0.5,0,1000,5,0.0,0.49559999999999993,0.293
B|phoneme|missing|0.5|0|LogReg,LogReg,ok,0.7620151646128491,0.5372324066451224,0.725,0.521747286888231,0.1744212100664292,0.0548398009310035,0.0008070000039879233,0.0,0.002889249997679144,0.0009171249985229224,0.00461337500018999,0.0,B,phoneme,missing,0.5,0,1000,5,0.0,0.49559999999999993,0.293
B|phoneme|cat_frac|0.0|0|Kumo,Kumo,ok,0.9399708957104328,0.8588001972283493,0.879,0.284001093483533,0.08912335843153184,0.03649625554900558,0.0006617080071009696,0.0,2.0367042089928873,3.8368797909934074,5.874245707993396,1.7995559160190169,B,phoneme,cat_frac,0.0,0,1000,5,0.0,0.0,0.293
B|phoneme|cat_frac|0.0|0|TabICLv2,TabICLv2,ok,0.9356968813560139,0.8536812294890498,0.8695,0.29352996666749503,0.09243677734855521,0.02289343722678314,0.0008763750083744526,0.0,1.9748695829766802,3.371977084025275,5.34772304201033,0.049113042012322694,B,phoneme,cat_frac,0.0,0,1000,5,0.0,0.0,0.293
B|phoneme|cat_frac|0.0|0|XGB-default,XGB-default,ok,0.9223274751004001,0.8049454017236393,0.8485,0.38115608870915774,0.11012528413098087,0.07621709033282058,0.0,5.00003807246685e-07,0.01892820801003836,0.0018486249900888652,0.020777333003934473,0.0,B,phoneme,cat_frac,0.0,0,1000,5,0.0,0.0,0.293
B|phoneme|cat_frac|0.0|0|XGB-tuned,XGB-tuned,ok,0.9228989512087202,0.8005692514254171,0.855,0.3227138346294631,0.10150177316409671,0.024108995389309714,0.0,1.191039625002304,0.02348866598913446,0.002777042012894526,1.217305333004333,0.0,B,phoneme,cat_frac,0.0,0,1000,5,0.0,0.0,0.293
B|phoneme|cat_frac|0.0|0|LGBM-default,LGBM-default,ok,0.9200433791358172,0.7989756941242939,0.8575,0.36980611396326246,0.10794589588220597,0.0612923363967432,0.0,4.580069798976183e-07,0.020109916978981346,0.013115958019625396,0.03322633300558664,0.0,B,phoneme,cat_frac,0.0,0,1000,5,0.0,0.0,0.293
B|phoneme|cat_frac|0.0|0|LGBM-tuned,LGBM-tuned,ok,0.9191970157855205,0.8077164497954098,0.8475,0.3281491093550728,0.10482111511199729,0.031044521989660526,0.0,1.0836905410105828,0.018534291972173378,0.006217000016476959,1.1084418329992332,0.0,B,phoneme,cat_frac,0.0,0,1000,5,0.0,0.0,0.293
B|phoneme|cat_frac|0.0|0|CatBoost-default,CatBoost-default,ok,0.926894461383768,0.8206712860864361,0.867,0.31209907703432627,0.09808754216988252,0.029288513811340938,0.0,6.659829523414373e-07,0.8342301250086166,0.0009947090002242476,0.8352254999917932,0.0,B,phoneme,cat_frac,0.0,0,1000,5,0.0,0.0,0.293
B|phoneme|cat_frac|0.0|0|CatBoost-tuned,CatBoost-tuned,ok,0.9254898840289306,0.8163449559117386,0.8605,0.3149458775427277,0.09908889125952802,0.03057015763412419,0.0,11.683978209010093,1.3516700829786714,0.0008636249986011535,13.036511916987365,0.0,B,phoneme,cat_frac,0.0,0,1000,5,0.0,0.0,0.293
B|phoneme|cat_frac|0.0|0|LogReg,LogReg,ok,0.7959468599558011,0.5588816910554133,0.729,0.4854494119637629,0.1639800050392569,0.06286742229363473,0.0007518749916926026,0.0,0.003303916018921882,0.0009880839788820595,0.005043874989496544,0.0,B,phoneme,cat_frac,0.0,0,1000,5,0.0,0.0,0.293
B|phoneme|cat_frac|0.5|0|Kumo,Kumo,ok,0.9420530460038267,0.8697407128966786,0.8755,0.278672216781563,0.087848187774223,0.026397832341659527,0.0014655000122729689,0.0,2.2750624579784926,3.931612167012645,6.2081401250034105,1.7995559160190169,B,phoneme,cat_frac,0.5,0,1000,5,0.4,0.0,0.293
B|phoneme|cat_frac|0.5|0|TabICLv2,TabICLv2,ok,0.9403808152818016,0.8728289127676433,0.8755,0.2807672828498774,0.08855944133196263,0.01628419834730085,0.0011556669778656214,0.0,2.071188500005519,3.4497476660180837,5.522091833001468,0.049113042012322694,B,phoneme,cat_frac,0.5,0,1000,5,0.4,0.0,0.293
B|phoneme|cat_frac|0.5|0|XGB-default,XGB-default,ok,0.9126985849335267,0.8098219503645265,0.851,0.4254076606588218,0.11585650375794802,0.08587162195996458,0.0,5.00003807246685e-07,0.018421333021251485,0.0034124999947380275,0.02183433301979676,0.0,B,phoneme,cat_frac,0.5,0,1000,5,0.4,0.0,0.293
B|phoneme|cat_frac|0.5|0|XGB-tuned,XGB-tuned,ok,0.9172125228017762,0.817784916744414,0.849,0.33134309449846067,0.10648800956334441,0.03575657655042597,0.0,1.0979704160126857,0.011510999989695847,0.002071374998195097,1.1115527910005767,0.0,B,phoneme,cat_frac,0.5,0,1000,5,0.4,0.0,0.293
B|phoneme|cat_frac|0.5|0|LGBM-default,LGBM-default,ok,0.913809587536516,0.8101931021906202,0.8505,0.37826136764355917,0.11236424031653167,0.07002613314580593,0.0,4.580069798976183e-07,0.017836041981354356,0.01034979202086106,0.028186292009195313,0.0,B,phoneme,cat_frac,0.5,0,1000,5,0.4,0.0,0.293
B|phoneme|cat_frac|0.5|0|LGBM-tuned,LGBM-tuned,ok,0.9220278721195615,0.8289412204752993,0.854,0.3247089980676559,0.10301205779773609,0.030838178881646378,0.0,0.7469938329886645,0.012524250021670014,0.004116458003409207,0.7636345410137437,0.0,B,phoneme,cat_frac,0.5,0,1000,5,0.4,0.0,0.293
B|phoneme|cat_frac|0.5|0|CatBoost-default,CatBoost-default,ok,0.9161214133544563,0.8169503590097011,0.8515,0.3312361949676897,0.10643732101212029,0.03166479506566782,0.0,7.089984137564898e-07,1.1447307909838855,0.0023540840193163604,1.1470855840016156,0.0,B,phoneme,cat_frac,0.5,0,1000,5,0.4,0.0,0.293
B|phoneme|cat_frac|0.5|0|CatBoost-tuned,CatBoost-tuned,ok,0.9130620871416669,0.7995398994026572,0.855,0.34407263918488407,0.10903099576435872,0.04318994163950015,0.0,15.464927583001554,0.2276227080146782,0.0016076669853646308,15.694157958001597,0.0,B,phoneme,cat_frac,0.5,0,1000,5,0.4,0.0,0.293
B|phoneme|cat_frac|0.5|0|LogReg,LogReg,ok,0.8414394928571514,0.6513112322910924,0.7805,0.436541281215462,0.1451904756029512,0.0384012724644402,0.0008934159995988011,0.0,0.00692579202586785,0.002292374992975965,0.010111583018442616,0.0,B,phoneme,cat_frac,0.5,0,1000,5,0.4,0.0,0.293
B|phoneme|cat_frac|1.0|0|Kumo,Kumo,ok,0.9211019361465873,0.8241607605000848,0.8515,0.322063933220747,0.10277371597609629,0.018956794479221575,0.0008177080017048866,0.0,2.250492666993523,4.146882665983867,6.398193040979095,1.7995559160190169,B,phoneme,cat_frac,1.0,0,1000,5,1.0,0.0,0.293
B|phoneme|cat_frac|1.0|0|TabICLv2,TabICLv2,ok,0.9191174431628429,0.813573572085648,0.8505,0.32678804499823083,0.10476132357033273,0.027873328942165237,0.0008436250209342688,0.0,1.9109387079952285,3.4628758750041015,5.374658208020264,0.049113042012322694,B,phoneme,cat_frac,1.0,0,1000,5,1.0,0.0,0.293
B|phoneme|cat_frac|1.0|0|XGB-default,XGB-default,ok,0.8882239752312127,0.7437350462584967,0.827,0.528412410552306,0.14069081014913154,0.1123266488520876,0.0,1.834006980061531e-06,0.01720525001292117,0.004267707990948111,0.021474792010849342,0.0,B,phoneme,cat_frac,1.0,0,1000,5,1.0,0.0,0.293
B|phoneme|cat_frac|1.0|0|XGB-tuned,XGB-tuned,ok,0.8983513999356184,0.7670171293838852,0.8275,0.3648212364213845,0.11891391414728707,0.03744509162963367,0.0,1.1729502500093076,0.015658958989661187,0.004477583017433062,1.1930867920164019,0.0,B,phoneme,cat_frac,1.0,0,1000,5,1.0,0.0,0.293
B|phoneme|cat_frac|1.0|0|LGBM-default,LGBM-default,ok,0.8859694175886844,0.7296174456421399,0.8095,0.38309896826318335,0.12613212954656255,0.04130751397612813,0.0,6.250047590583563e-07,0.007829750014934689,0.004753416986204684,0.012583792005898431,0.0,B,phoneme,cat_frac,1.0,0,1000,5,1.0,0.0,0.293
B|phoneme|cat_frac|1.0|0|LGBM-tuned,LGBM-tuned,ok,0.8971891573862081,0.759144948753805,0.823,0.36882797406749424,0.11991585685067428,0.0397188012196209,0.0,1.2351778329757508,0.008351708005648106,0.005370792001485825,1.2489003329828847,0.0,B,phoneme,cat_frac,1.0,0,1000,5,1.0,0.0,0.293
B|phoneme|cat_frac|1.0|0|CatBoost-default,CatBoost-default,ok,0.899002448666616,0.760087724002825,0.8255,0.3624993371472184,0.11802615265900036,0.029429321427502993,0.0,7.089984137564898e-07,1.3718972499773372,0.003005333011969924,1.3749032919877209,0.0,B,phoneme,cat_frac,1.0,0,1000,5,1.0,0.0,0.293
B|phoneme|cat_frac|1.0|0|CatBoost-tuned,CatBoost-tuned,ok,0.8587706512054649,0.6642927362940544,0.783,0.42077665030872624,0.13899058144613768,0.0500065379158507,0.0,13.008085167006357,0.05973483299021609,0.0023297500156331807,13.070149750012206,0.0,B,phoneme,cat_frac,1.0,0,1000,5,1.0,0.0,0.293
B|phoneme|cat_frac|1.0|0|LogReg,LogReg,ok,0.8681969928782504,0.6936752937510332,0.792,0.4083219100166239,0.1362076260660247,0.05377809858801708,0.0008439999946858734,0.0,0.005339166993508115,0.001797458011424169,0.007980624999618158,0.0,B,phoneme,cat_frac,1.0,0,1000,5,1.0,0.0,0.293
B|phoneme|prevalence|orig|0|Kumo,Kumo,ok,0.9399708957104328,0.8588001972283493,0.879,0.284001093483533,0.08912335843153184,0.03649625554900558,0.0006379169935826212,0.0,2.07662070801598,3.8034533339960035,5.880711959005566,1.7995559160190169,B,phoneme,prevalence,orig,0,1000,5,0.0,0.0,0.293
B|phoneme|prevalence|orig|0|TabICLv2,TabICLv2,ok,0.9356968813560139,0.8536812294890498,0.8695,0.29352996666749503,0.09243677734855521,0.02289343722678314,0.0006519999878946692,0.0,2.0375750829989556,3.7954944169905502,5.8337214999774005,0.049113042012322694,B,phoneme,prevalence,orig,0,1000,5,0.0,0.0,0.293
B|phoneme|prevalence|orig|0|XGB-default,XGB-default,ok,0.9223274751004001,0.8049454017236393,0.8485,0.38115608870915774,0.11012528413098087,0.07621709033282058,0.0,4.169996827840805e-07,0.020306874997913837,0.0018502910097595304,0.022157583007356152,0.0,B,phoneme,prevalence,orig,0,1000,5,0.0,0.0,0.293
B|phoneme|prevalence|orig|0|XGB-tuned,XGB-tuned,ok,0.9228989512087202,0.8005692514254171,0.855,0.3227138346294631,0.10150177316409671,0.024108995389309714,0.0,1.3069322499795817,0.025785709003685042,0.0029373329889494926,1.3356552919722162,0.0,B,phoneme,prevalence,orig,0,1000,5,0.0,0.0,0.293
B|phoneme|prevalence|orig|0|LGBM-default,LGBM-default,ok,0.9200433791358172,0.7989756941242939,0.8575,0.36980611396326246,0.10794589588220597,0.0612923363967432,0.0,6.660120561718941e-07,0.022317458991892636,0.015048833010951057,0.037366958014899865,0.0,B,phoneme,prevalence,orig,0,1000,5,0.0,0.0,0.293
B|phoneme|prevalence|orig|0|LGBM-tuned,LGBM-tuned,ok,0.9191970157855205,0.8077164497954098,0.8475,0.3281491093550728,0.10482111511199729,0.031044521989660526,0.0,1.2055887919850647,0.020690458011813462,0.007112999999662861,1.233392249996541,0.0,B,phoneme,prevalence,orig,0,1000,5,0.0,0.0,0.293
B|phoneme|prevalence|orig|0|CatBoost-default,CatBoost-default,ok,0.926894461383768,0.8206712860864361,0.867,0.31209907703432627,0.09808754216988252,0.029288513811340938,0.0,7.080088835209608e-07,0.7861080000002403,0.0010869589750654995,0.7871956669841893,0.0,B,phoneme,prevalence,orig,0,1000,5,0.0,0.0,0.293
B|phoneme|prevalence|orig|0|CatBoost-tuned,CatBoost-tuned,ok,0.9254898840289306,0.8163449559117386,0.8605,0.3149458775427277,0.09908889125952802,0.03057015763412419,0.0,11.721055500005605,1.297254500008421,0.0008774999878369272,13.019187500001863,0.0,B,phoneme,prevalence,orig,0,1000,5,0.0,0.0,0.293
B|phoneme|prevalence|orig|0|LogReg,LogReg,ok,0.7959468599558011,0.5588816910554133,0.729,0.4854494119637629,0.1639800050392569,0.06286742229363473,0.0006404170126188546,0.0,0.0032890829897951335,0.0009387090103700757,0.004868209012784064,0.0,B,phoneme,prevalence,orig,0,1000,5,0.0,0.0,0.293
B|phoneme|prevalence|0.1|0|Kumo,Kumo,ok,0.9264555555555556,0.6138835705928541,0.9205,0.18629692935619813,0.05601345443903338,0.012073226730804886,0.0006116660078987479,0.0,2.028425791999325,3.694743041996844,5.723780500004068,1.7995559160190169,B,phoneme,prevalence,0.1,0,1000,5,0.0,0.0,0.1
B|phoneme|prevalence|0.1|0|TabICLv2,TabICLv2,ok,0.9222611111111111,0.6123572693761363,0.92,0.19199482038276935,0.05769457261216509,0.01977831183520903,0.0005975420062895864,0.0,1.8582511669956148,3.547242583008483,5.406091292010387,0.049113042012322694,B,phoneme,prevalence,0.1,0,1000,5,0.0,0.0,0.1
B|phoneme|prevalence|0.1|0|XGB-default,XGB-default,ok,0.8714291666666667,0.4865901091284221,0.911,0.29312873645952586,0.07007626357512169,0.05173375118666264,0.0,5.420006345957518e-07,0.01564450000296347,0.0015917079872451723,0.017236749990843236,0.0,B,phoneme,prevalence,0.1,0,1000,5,0.0,0.0,0.1
B|phoneme|prevalence|0.1|0|XGB-tuned,XGB-tuned,ok,0.8884958333333333,0.5171364798632649,0.9135,0.22278939320557697,0.0658554008178588,0.026119554029544807,0.0,0.8064213749894407,0.008416125026997179,0.001002957986202091,0.8158404580026399,0.0,B,phoneme,prevalence,0.1,0,1000,5,0.0,0.0,0.1
B|phoneme|prevalence|0.1|0|LGBM-default,LGBM-default,ok,0.8824916666666667,0.4923904809179289,0.9115,0.321155892131669,0.07149082012384,0.055883116087932574,0.0,4.169996827840805e-07,0.02049720799550414,0.012029417004669085,0.03252704199985601,0.0,B,phoneme,prevalence,0.1,0,1000,5,0.0,0.0,0.1
B|phoneme|prevalence|0.1|0|LGBM-tuned,LGBM-tuned,ok,0.8907388888888889,0.5219477066132026,0.9135,0.21779480595591133,0.06375907309080182,0.01791324159470422,0.0,0.6789033749955706,0.05109283298952505,0.02661116700619459,0.7566073749912903,0.0,B,phoneme,prevalence,0.1,0,1000,5,0.0,0.0,0.1
B|phoneme|prevalence|0.1|0|CatBoost-default,CatBoost-default,ok,0.9006944444444445,0.542989579838744,0.9115,0.21362790520604005,0.06280138978659018,0.023723147118185624,0.0,5.00003807246685e-07,0.7360795839922503,0.000976625015027821,0.7370567090110853,0.0,B,phoneme,prevalence,0.1,0,1000,5,0.0,0.0,0.1
B|phoneme|prevalence|0.1|0|CatBoost-tuned,CatBoost-tuned,ok,0.8974888888888888,0.5366220524861439,0.911,0.2136604953504648,0.06395778028140145,0.018341851230609527,0.0,7.504917500016745,0.15637995800352655,0.000681916979374364,7.661979374999646,0.0,B,phoneme,prevalence,0.1,0,1000,5,0.0,0.0,0.1
B|phoneme|prevalence|0.1|0|LogReg,LogReg,ok,0.8022277777777779,0.27338459156187156,0.9,0.27324729605462517,0.08084930469150867,0.02230086648707683,0.0006671249866485596,0.0,0.0029995000222697854,0.0009060409793164581,0.004572665988234803,0.0,B,phoneme,prevalence,0.1,0,1000,5,0.0,0.0,0.1
B|phoneme|prevalence|0.03|0|Kumo,Kumo,ok,0.918487972508591,0.3110601623105657,0.969,0.0903820184341682,0.024441528533182547,0.00890077199426014,0.0006803330034017563,0.0,2.0083725419826806,3.591615833021933,5.6006687080080155,1.7995559160190169,B,phoneme,prevalence,0.03,0,1000,5,0.0,0.0,0.03
B|phoneme|prevalence|0.03|0|TabICLv2,TabICLv2,ok,0.9286082474226803,0.35245225615301395,0.97,0.0869491593606411,0.023718846648990263,0.0077633315850826,0.0006126249791122973,0.0,1.8139449169975705,3.387865500000771,5.202423041977454,0.049113042012322694,B,phoneme,prevalence,0.03,0,1000,5,0.0,0.0,0.03
B|phoneme|prevalence|0.03|0|XGB-default,XGB-default,ok,0.837332474226804,0.2207378110461848,0.9665,0.13939069553283032,0.02849889117789721,0.024187047208607048,0.0,4.169996827840805e-07,0.01037462500971742,0.0013097919872961938,0.011684833996696398,0.0,B,phoneme,prevalence,0.03,0,1000,5,0.0,0.0,0.03
B|phoneme|prevalence|0.03|0|XGB-tuned,XGB-tuned,ok,0.8811683848797252,0.2604526411572493,0.97,0.10173552003098059,0.025403983078919567,0.013833734522399024,0.0,0.6393655419815332,0.007694458006881177,0.0012849170016124845,0.6483449169900268,0.0,B,phoneme,prevalence,0.03,0,1000,5,0.0,0.0,0.03
B|phoneme|prevalence|0.03|0|LGBM-default,LGBM-default,ok,0.868393470790378,0.24805173100899516,0.9675,0.1925495957834044,0.03026885065365044,0.030607336845060038,0.0,4.580069798976183e-07,0.020522541977697983,0.010569625010248274,0.031092624994926155,0.0,B,phoneme,prevalence,0.03,0,1000,5,0.0,0.0,0.03
B|phoneme|prevalence|0.03|0|LGBM-tuned,LGBM-tuned,ok,0.8858505154639176,0.2390065551967836,0.9705,0.1019611207158941,0.02609039946992256,0.009326251553275143,0.0,0.34239233398693614,0.0032737909932620823,0.00135087501257658,0.3470169999927748,0.0,B,phoneme,prevalence,0.03,0,1000,5,0.0,0.0,0.03
B|phoneme|prevalence|0.03|0|CatBoost-default,CatBoost-default,ok,0.904553264604811,0.2940483943396578,0.9725,0.09866971014991693,0.02488237824599518,0.01534802738539562,0.0,6.249756552278996e-07,0.7384379170252942,0.0009987499797716737,0.7394372919807211,0.0,B,phoneme,prevalence,0.03,0,1000,5,0.0,0.0,0.03
B|phoneme|prevalence|0.03|0|CatBoost-tuned,CatBoost-tuned,ok,0.8723024054982818,0.24918453384070316,0.97,0.14551597942002945,0.030375507281667467,0.06663867852413134,0.0,5.962684290978359,0.6072272090241313,0.0008547909965272993,6.570766290999018,0.0,B,phoneme,prevalence,0.03,0,1000,5,0.0,0.0,0.03
B|phoneme|prevalence|0.03|0|LogReg,LogReg,ok,0.8370274914089346,0.15495101904455652,0.97,0.11122905344051102,0.027399118930139098,0.006390481042305028,0.0007077500049490482,0.0,0.0034087079984601587,0.001064916985342279,0.005181374988751486,0.0,B,phoneme,prevalence,0.03,0,1000,5,0.0,0.0,0.03
